encoded_feature,original_feature,importance
num__recommended_names_suspicious_flag,recommended_names_suspicious_flag,0.11847234
num__publication_age_days_clean,publication_age_days_clean,0.09346344
cat__数据资源类型_数据产品,数据资源类型,0.065054886
cat__detail_time_scope_2025年-2025年,detail_time_scope,0.043205783
cat__开放条件_有较完善的数据安全保护体系；仅注明数据来源，定期抽查数据使用情况；可在自身业务范围内进行科学研究、咨询报告、业务支撑等场景，不得针对具体组织对外发布新闻等信息;,开放条件,0.039318062
cat__detail_time_scope_-,detail_time_scope,0.03795595
num__has_meaningful_time_scope,has_meaningful_time_scope,0.036655575
num__is_data_product,is_data_product,0.03624766
cat__数据资源提供部门_上海市嘉定区人民政府,数据资源提供部门,0.031573337
num__maintenance_span_days_clean,maintenance_span_days_clean,0.025457688
num__is_unconditional_open,is_unconditional_open,0.023720097
cat__数据资源提供部门_上海市虹口区人民政府,数据资源提供部门,0.019190837
num__is_conditional_open,is_conditional_open,0.016158992
num__is_data_interface,is_data_interface,0.016103985
cat__开放条件_无条件开放,开放条件,0.015224004
cat__开放条件_无条件开放&&无条件开放,开放条件,0.014590243
cat__detail_spatial_scope_虹口区,detail_spatial_scope,0.01362387
cat__detail_spatial_scope_黄浦区,detail_spatial_scope,0.011073966
num__api_need_apply_clean,api_need_apply_clean,0.009872022
cat__数据资源提供部门_上海市大数据中心,数据资源提供部门,0.0090496745
cat__spatial_admin_level_区级,spatial_admin_level,0.009022376
cat__spatial_admin_level_市级,spatial_admin_level,0.00832092
cat__数据资源提供部门_上海市普陀区人民政府,数据资源提供部门,0.007992936
cat__数据资源提供部门_上海市宝山区人民政府,数据资源提供部门,0.007695133
cat__数据资源提供部门_上海市徐汇区人民政府,数据资源提供部门,0.007450868
cat__数据资源提供部门_上海市浦东新区人民政府,数据资源提供部门,0.007347955
num__has_csv_clean,has_csv_clean,0.007292367
cat__detail_spatial_scope_浦东新区,detail_spatial_scope,0.006837877
cat__数据资源提供部门_上海市公安局,数据资源提供部门,0.006795956
cat__数据资源提供部门_上海市黄浦区人民政府,数据资源提供部门,0.0067780917
num__recommended_dataset_count_clean,recommended_dataset_count_clean,0.006668926
cat__数据资源提供部门_上海市静安区人民政府,数据资源提供部门,0.0065137944
cat__数据资源提供部门_上海市气象局,数据资源提供部门,0.006339239
cat__数据领域_道路交通,数据领域,0.005883034
num__update_recency_days_clean,update_recency_days_clean,0.0055745803
cat__detail_spatial_scope_崇明区,detail_spatial_scope,0.005341193
num__date_order_anomaly,date_order_anomaly,0.005176028
cat__detail_spatial_scope_宝山区,detail_spatial_scope,0.0051187035
cat__detail_spatial_scope_静安区,detail_spatial_scope,0.0050931238
num__has_rdf_clean,has_rdf_clean,0.0040390287
cat__数据领域_信用服务,数据领域,0.003975454
cat__数据资源提供部门_上海市绿化和市容管理局,数据资源提供部门,0.0038027752
cat__数据资源提供部门_上海市崇明区人民政府办公室,数据资源提供部门,0.0036464497
cat__数据资源提供部门_上海市闵行区人民政府,数据资源提供部门,0.0036215924
cat__spatial_admin_level_其他/不确定,spatial_admin_level,0.0034867565
cat__detail_spatial_scope_青浦区,detail_spatial_scope,0.003399992
cat__detail_spatial_scope_闵行区,detail_spatial_scope,0.0032710286
cat__开放属性_无条件开放,开放属性,0.0032558376
cat__detail_spatial_scope_普陀区,detail_spatial_scope,0.0031549565
cat__更新频率_每天,更新频率,0.003033102
num__format_count_clean,format_count_clean,0.0029359097
cat__数据资源提供部门_上海市农业农村委员会,数据资源提供部门,0.002847157
cat__更新频率_静态数据,更新频率,0.0026214956
cat__数据资源提供部门_上海市青浦区人民政府,数据资源提供部门,0.0026035595
cat__更新频率_不定期更新,更新频率,0.0025643753
cat__detail_spatial_scope_徐汇区,detail_spatial_scope,0.002544951
cat__数据资源提供部门_上海市生态环境局,数据资源提供部门,0.0025288977
cat__开放条件_无条件开放&&,开放条件,0.0025236795
cat__更新频率_每月,更新频率,0.0024977096
cat__数据领域_气象服务,数据领域,0.0024253782
cat__数据领域_卫生健康,数据领域,0.0023592983
cat__detail_spatial_scope_本市,detail_spatial_scope,0.0023500605
cat__detail_spatial_scope_嘉定区,detail_spatial_scope,0.002342924
cat__detail_time_scope_2025年-2026年,detail_time_scope,0.002338052
num__field_description_count_clean,field_description_count_clean,0.0022736914
cat__detail_spatial_scope_金山区,detail_spatial_scope,0.0021955064
cat__detail_time_scope_2026年-2026年,detail_time_scope,0.0021512285
cat__detail_time_scope_2009年-2019年,detail_time_scope,0.002117486
cat__数据资源提供部门_上海市商务委员会,数据资源提供部门,0.002105309
cat__数据资源提供部门_上海市统计局,数据资源提供部门,0.0019613395
cat__数据资源提供部门_上海市文化和旅游局,数据资源提供部门,0.0019586177
cat__detail_time_scope_2022年-2025年,detail_time_scope,0.0019148523
cat__detail_spatial_scope_长宁区,detail_spatial_scope,0.0018973438
cat__数据资源提供部门_上海市金山区人民政府,数据资源提供部门,0.0018944984
cat__数据资源提供部门_上海市水务局,数据资源提供部门,0.0018354309
cat__数据领域_民生服务,数据领域,0.001778185
cat__数据资源提供部门_上海市崇明区人民政府,数据资源提供部门,0.00177223
cat__detail_time_scope_2020年-2023年,detail_time_scope,0.0017465196
cat__数据领域_资源环境,数据领域,0.0017387941
cat__数据领域_机构团体,数据领域,0.0015783388
cat__开放条件_有较完善的数据安全保护体系；仅注明数据来源，定期抽查数据使用情况；可在自身业务范围内进行科学研究、咨询报告、业务支撑等场景，不得针对具体组织对外发布新闻等信息;有基础的数据安全保护能力；可在自身业务范围内进行科学研究、咨询报告、业务支撑等场景；注明数据来源，定期抽查数据使用情况;&&经业务部门审核同意，且具备基础数据安全保护能力的前提下，可在自身业务范围内，将数据用于科学研究、咨询报告编制、业务运营支撑等场景。使用过程中需规范注明数据来源，并接受定期的数据使用情况核查。,开放条件,0.0015770104
cat__更新频率_每年,更新频率,0.0015693537
cat__数据领域_文化休闲,数据领域,0.0015115303
num__data_size_log_winsor_p99,data_size_log_winsor_p99,0.0015088622
cat__数据资源提供部门_上海市长宁区人民政府,数据资源提供部门,0.0014954178
num__has_data_sample,has_data_sample,0.0014927648
cat__数据资源提供部门_上海市药品监督管理局,数据资源提供部门,0.0014037255
cat__数据资源提供部门_上海市杨浦区人民政府,数据资源提供部门,0.0013320267
cat__开放条件_无条件开放&&无条件,开放条件,0.0013285846
num__title_len,title_len,0.0013058534
cat__detail_spatial_scope_杨浦区,detail_spatial_scope,0.0012539267
num__description_len,description_len,0.0012505417
cat__数据资源提供部门_上海市住房和城乡建设管理委员会,数据资源提供部门,0.0012489044
cat__开放条件_有基础的数据安全保护能力;不得用于挖掘个人敏感信息；注明数据来源，定期抽查数据使用情况;,开放条件,0.0012066134
cat__数据资源提供部门_上海市交通委员会,数据资源提供部门,0.0011732582
num__record_count_log_winsor_p99,record_count_log_winsor_p99,0.0011645497
cat__数据资源提供部门_上海市市场监督管理局,数据资源提供部门,0.0011633759
cat__开放条件_有基础的数据安全保护能力;不得用于挖掘个人敏感信息；注明数据来源，定期抽查数据使用情况;有较完善的数据安全保护体系；仅注明数据来源，定期抽查数据使用情况；可在自身业务范围内进行科学研究、咨询报告、业务支撑等场景，不得针对具体组织对外发布新闻等信息;&&依申请开放,开放条件,0.0011589207
cat__detail_time_scope_2022年-2022年,detail_time_scope,0.0011251422
cat__开放条件_有基础的数据安全保护能力；可在自身业务范围内进行科学研究、咨询报告、业务支撑等场景；注明数据来源，定期抽查数据使用情况;&&依申请开放，成果需模糊敏感信息,开放条件,0.001098029
cat__数据资源提供部门_上海市科学技术委员会,数据资源提供部门,0.0010958447
cat__detail_spatial_scope_奉贤区,detail_spatial_scope,0.001071384
num__low_field_count_flag,low_field_count_flag,0.0010581373
cat__开放条件_有基础的数据安全保护能力;不得用于挖掘个人敏感信息；注明数据来源，定期抽查数据使用情况;有较完善的数据安全保护体系；仅注明数据来源，定期抽查数据使用情况；可在自身业务范围内进行科学研究、咨询报告、业务支撑等场景，不得针对具体组织对外发布新闻等信息;有基础的数据安全保护能力；可在自身业务范围内进行科学研究、咨询报告、业务支撑等场景；注明数据来源，定期抽查数据使用情况;,开放条件,0.001048011
cat__数据资源提供部门_上海市教育委员会,数据资源提供部门,0.0010219242
num__has_standard_field_description,has_standard_field_description,0.0010158896
cat__开放条件_有基础的数据安全保护能力；可在自身业务范围内进行科学研究、咨询报告、业务支撑等场景；注明数据来源，定期抽查数据使用情况;,开放条件,0.0009973152
cat__detail_spatial_scope_松江区,detail_spatial_scope,0.0009784395
num__has_geo_field_strict,has_geo_field_strict,0.0009740817
cat__数据资源提供部门_上海市徐汇区人民政府办公室,数据资源提供部门,0.00097204075
cat__数据资源提供部门_上海市松江区人民政府,数据资源提供部门,0.00097059045
cat__数据资源提供部门_上海市卫生健康委员会,数据资源提供部门,0.0009646841
cat__更新频率_即时,更新频率,0.00092976616
cat__detail_time_scope_2024年-2025年,detail_time_scope,0.00092560204
cat__数据领域_教育科技,数据领域,0.00091221416
cat__detail_time_scope_2020年-2025年,detail_time_scope,0.0008931449
num__description_has_field_hint,description_has_field_hint,0.0008914217
cat__数据资源提供部门_上海市人力资源和社会保障局,数据资源提供部门,0.00088049116
cat__数据领域_社会发展,数据领域,0.00087093154
cat__数据领域_城市建设,数据领域,0.0008509276
cat__数据领域_农业农村,数据领域,0.0008491653
cat__开放条件_有较完善的数据安全保护体系；仅注明数据来源，实时日志反馈，定期提交利用报告；可在自身业务范围内进行科学研究、咨询报告、业务支撑等场景，不得对外提供查询服务;有较完善的数据安全保护体系；仅注明数据来源，定期抽查数据使用情况；可在自身业务范围内进行科学研究、咨询报告、业务支撑等场景，不得针对具体组织对外发布新闻等信息;有基础的数据安全保护能力；可在自身业务范围内进行科学研究、咨询报告、业务支撑等场景；注明数据来源，定期抽查数据使用情况;,开放条件,0.0008386106
cat__detail_time_scope_2023年-2025年,detail_time_scope,0.00083090755
cat__detail_time_scope_2019年-2024年,detail_time_scope,0.00081178034
num__field_count_clean,field_count_clean,0.00081017474
cat__detail_time_scope_2025年,detail_time_scope,0.00080644194
cat__数据资源提供部门_上海市应急管理局,数据资源提供部门,0.0007893377
cat__开放条件_有基础的数据安全保护能力；可在自身业务范围内进行科学研究、咨询报告、业务支撑等场景；注明数据来源，定期抽查数据使用情况;&&申请该数据，需要完整描述需求场景和用途,开放条件,0.00077883486
cat__数据领域_社保就业,数据领域,0.0007713734
cat__开放条件_有基础的数据安全保护能力;不得用于挖掘个人敏感信息；注明数据来源，定期抽查数据使用情况;有较完善的数据安全保护体系；仅注明数据来源，定期抽查数据使用情况；可在自身业务范围内进行科学研究、咨询报告、业务支撑等场景，不得针对具体组织对外发布新闻等信息;有基础的数据安全保护能力；可在自身业务范围内进行科学研究、咨询报告、业务支撑等场景；注明数据来源，定期抽查数据使用情况;&&如有和文旅相关申请可开放,开放条件,0.0007704838
num__has_xlsx_clean,has_xlsx_clean,0.00076399074
cat__数据资源提供部门_上海市奉贤区人民政府,数据资源提供部门,0.00076296105
cat__开放条件_有较完善的数据安全保护体系；仅注明数据来源，定期抽查数据使用情况；可在自身业务范围内进行科学研究、咨询报告、业务支撑等场景，不得针对具体组织对外发布新闻等信息;有基础的数据安全保护能力；可在自身业务范围内进行科学研究、咨询报告、业务支撑等场景；注明数据来源，定期抽查数据使用情况;&&依申请开放,开放条件,0.0007513284
cat__detail_time_scope_2023年-2023年,detail_time_scope,0.00074422837
cat__数据资源提供部门_上海市司法局,数据资源提供部门,0.000736971
num__has_xml_clean,has_xml_clean,0.00072930934
cat__开放条件_有较完善的数据安全保护体系；仅注明数据来源，实时日志反馈，定期提交利用报告；可在自身业务范围内进行科学研究、咨询报告、业务支撑等场景，不得对外提供查询服务;有较完善的数据安全保护体系；仅注明数据来源，定期抽查数据使用情况；可在自身业务范围内进行科学研究、咨询报告、业务支撑等场景，不得针对具体组织对外发布新闻等信息;有基础的数据安全保护能力；可在自身业务范围内进行科学研究、咨询报告、业务支撑等场景；注明数据来源，定期抽查数据使用情况;&&申请该数据，请提供申请人姓名、工作(学习)单位、联系电话，并且说明数据用途和使用场景。,开放条件,0.00072379987
cat__数据资源提供部门_上海市发展和改革委员会,数据资源提供部门,0.0006984926
num__has_json_clean,has_json_clean,0.00068922894
cat__数据领域_公共安全,数据领域,0.0006890957
num__suspicious_field_names_flag,suspicious_field_names_flag,0.0006863468
cat__开放条件_有较完善的数据安全保护体系；仅注明数据来源，定期抽查数据使用情况；可在自身业务范围内进行科学研究、咨询报告、业务支撑等场景，不得针对具体组织对外发布新闻等信息;&&申请通过即可开放,开放条件,0.00067802094
num__scene_keyword_count,scene_keyword_count,0.0006587734
cat__开放条件_有较完善的数据安全保护体系；仅注明数据来源，定期抽查数据使用情况；可在自身业务范围内进行科学研究、咨询报告、业务支撑等场景，不得针对具体组织对外发布新闻等信息;有基础的数据安全保护能力；可在自身业务范围内进行科学研究、咨询报告、业务支撑等场景；注明数据来源，定期抽查数据使用情况;&&申请该数据，需要完整描述需求场景和用途,开放条件,0.00064776343
cat__detail_time_scope_2021年-2025年,detail_time_scope,0.00064392673
cat__开放条件_有基础的数据安全保护能力;不得用于挖掘个人敏感信息；注明数据来源，定期抽查数据使用情况;&&依申请开放,开放条件,0.00063459866
cat__detail_time_scope_2021年-2024年,detail_time_scope,0.0006339072
cat__开放条件_有基础的数据安全保护能力;不得用于挖掘个人敏感信息;注明数据来源，定期抽查数据使用情况;&&,开放条件,0.0006047665
cat__数据领域_工业制造,数据领域,0.00060040026
cat__数据资源提供部门_上海市总工会,数据资源提供部门,0.00059786363
cat__开放条件_有较完善的数据安全保护体系；仅注明数据来源，定期抽查数据使用情况；可在自身业务范围内进行科学研究、咨询报告、业务支撑等场景，不得针对具体组织对外发布新闻等信息;有基础的数据安全保护能力；可在自身业务范围内进行科学研究、咨询报告、业务支撑等场景；注明数据来源，定期抽查数据使用情况;&&需要上海市奉贤区大数据中心同意,开放条件,0.0005964357
cat__更新频率_每季度,更新频率,0.00059395673
cat__数据领域_经济建设,数据领域,0.00058513257
cat__开放条件_有较完善的数据安全保护体系；仅注明数据来源，定期抽查数据使用情况；可在自身业务范围内进行科学研究、咨询报告、业务支撑等场景，不得针对具体组织对外发布新闻等信息;有较完善的数据安全保护体系;仅可用于主管部门授权的场景;注明数据来源，实时日志反馈，定期提交利用报告；&&向业务部门申请,开放条件,0.0005848322
cat__数据资源提供部门_上海市卫生健康委员会（上海市中医药管理局）,数据资源提供部门,0.0005680028
cat__detail_time_scope_2019年-2025年,detail_time_scope,0.0005545668
cat__开放条件_有较完善的数据安全保护体系；仅注明数据来源，定期抽查数据使用情况；可在自身业务范围内进行科学研究、咨询报告、业务支撑等场景，不得针对具体组织对外发布新闻等信息;有基础的数据安全保护能力；可在自身业务范围内进行科学研究、咨询报告、业务支撑等场景；注明数据来源，定期抽查数据使用情况;&&有基础的数据安全保护能力;不得用于挖掘个人敏感信息；注明数据来源，定期抽查数据使用情况;,开放条件,0.0005418081
num__has_time_field_strict,has_time_field_strict,0.00054101535
cat__开放条件_有较完善的数据安全保护体系；仅注明数据来源，定期抽查数据使用情况；可在自身业务范围内进行科学研究、咨询报告、业务支撑等场景，不得针对具体组织对外发布新闻等信息;有基础的数据安全保护能力；可在自身业务范围内进行科学研究、咨询报告、业务支撑等场景；注明数据来源，定期抽查数据使用情况;,开放条件,0.0005373027
cat__数据资源提供部门_上海市民政局,数据资源提供部门,0.00053514895
cat__数据资源提供部门_上海市国防动员办公室,数据资源提供部门,0.0005147583
cat__数据资源提供部门_上海市知识产权局,数据资源提供部门,0.0005023421
cat__开放条件_有较完善的数据安全保护体系;仅注明数据来源，定期抽查数据使用情况;可在自身业务范围内进行科学研究、咨询报告、业务支撑等场景，不得针对具体组织对外发布新闻等信息;申请上海市公安局有条件开放数据需填写《上海市公安局数据开放申请信息表》，并按要求如实填写提交。申请信息表下载链接如下：https://data.sh.gov.cn/assets/data/上海市公安局数据开放申请信息表.pdf;&&,开放条件,0.0005010889
cat__开放条件_有基础的数据安全保护能力；可在自身业务范围内进行科学研究、咨询报告、业务支撑等场景；注明数据来源，定期抽查数据使用情况;&&面向社会开放，使用方需根据实际需要提出申请,开放条件,0.00048044347
cat__detail_time_scope_2017年-2025年,detail_time_scope,0.00047797873
cat__开放条件_有较完善的数据安全保护体系;仅注明数据来源，定期抽查数据使用情况;可在自身业务范围内进行科学研究、咨询报告、业务支撑等场景，不得针对具体组织对外发布新闻等信息;&&,开放条件,0.00047766019
cat__开放条件_有基础的数据安全保护能力；可在自身业务范围内进行科学研究、咨询报告、业务支撑等场景；注明数据来源，定期抽查数据使用情况;&&依申请开放清单,开放条件,0.00046474434
cat__detail_time_scope_2017年-2024年,detail_time_scope,0.00046276793
cat__开放条件_有较完善的数据安全保护体系；仅注明数据来源，定期抽查数据使用情况；可在自身业务范围内进行科学研究、咨询报告、业务支撑等场景，不得针对具体组织对外发布新闻等信息;有基础的数据安全保护能力；可在自身业务范围内进行科学研究、咨询报告、业务支撑等场景；注明数据来源，定期抽查数据使用情况;&&用于科学研究应用场景,开放条件,0.0004606992
cat__开放条件_有较完善的数据安全保护体系；仅注明数据来源，定期抽查数据使用情况；可在自身业务范围内进行科学研究、咨询报告、业务支撑等场景，不得针对具体组织对外发布新闻等信息;&&个人实名制注册后开放,开放条件,0.0004359948
cat__detail_time_scope_2022年-2024年,detail_time_scope,0.00042162847
cat__数据资源提供部门_上海市规划和自然资源局,数据资源提供部门,0.00042056717
cat__开放条件_有基础的数据安全保护能力；可在自身业务范围内进行科学研究、咨询报告、业务支撑等场景；注明数据来源，定期抽查数据使用情况;&&依申请开放,开放条件,0.0004193651
cat__数据资源提供部门_上海市国有资产监督管理委员会,数据资源提供部门,0.00041253396
cat__数据资源提供部门_上海市体育局,数据资源提供部门,0.00040411126
cat__开放条件_有基础的数据安全保护能力;不得用于挖掘个人敏感信息;注明数据来源，定期抽查数据使用情况;有较完善的数据安全保护体系;仅注明数据来源，定期抽查数据使用情况;可在自身业务范围内进行科学研究、咨询报告、业务支撑等场景，不得针对具体组织对外发布新闻等信息;&&,开放条件,0.00040109965
cat__detail_time_scope_2024年-2024年,detail_time_scope,0.00039758842
cat__detail_time_scope_2020年-2024年,detail_time_scope,0.00039221995
cat__开放条件_有较完善的数据安全保护体系；仅注明数据来源，定期抽查数据使用情况；可在自身业务范围内进行科学研究、咨询报告、业务支撑等场景，不得针对具体组织对外发布新闻等信息;有基础的数据安全保护能力；可在自身业务范围内进行科学研究、咨询报告、业务支撑等场景；注明数据来源，定期抽查数据使用情况;&&依审核开放,开放条件,0.00038268926
cat__开放条件_有基础的数据安全保护能力;不得用于挖掘个人敏感信息；注明数据来源，定期抽查数据使用情况;有较完善的数据安全保护体系；仅注明数据来源，定期抽查数据使用情况；可在自身业务范围内进行科学研究、咨询报告、业务支撑等场景，不得针对具体组织对外发布新闻等信息;,开放条件,0.0003761617
cat__数据资源提供部门_中共上海市委金融委员会办公室,数据资源提供部门,0.0003747822
cat__detail_time_scope_2020年,detail_time_scope,0.00036704587
cat__开放条件_有基础的数据安全保护能力；可在自身业务范围内进行科学研究、咨询报告、业务支撑等场景；注明数据来源，定期抽查数据使用情况;&&按申请场景开放,开放条件,0.00035738913
cat__开放条件_有较完善的数据安全保护体系；仅注明数据来源，定期抽查数据使用情况；可在自身业务范围内进行科学研究、咨询报告、业务支撑等场景，不得针对具体组织对外发布新闻等信息;&&依申请,开放条件,0.00035516528
cat__开放条件_有基础的数据安全保护能力；可在自身业务范围内进行科学研究、咨询报告、业务支撑等场景；注明数据来源，定期抽查数据使用情况;&&有条件开放,开放条件,0.0003527596
cat__detail_time_scope_2018年-2025年,detail_time_scope,0.00035107677
cat__开放条件_有较完善的数据安全保护体系；仅注明数据来源，定期抽查数据使用情况；可在自身业务范围内进行科学研究、咨询报告、业务支撑等场景，不得针对具体组织对外发布新闻等信息;有基础的数据安全保护能力；可在自身业务范围内进行科学研究、咨询报告、业务支撑等场景；注明数据来源，定期抽查数据使用情况;&&依主管部门审核后开放,开放条件,0.0003462207
cat__开放条件_无条件开放&&无,开放条件,0.00034438472
cat__detail_time_scope_2018年-2018年,detail_time_scope,0.00033065162
cat__开放条件_有基础的数据安全保护能力;不得用于挖掘个人敏感信息；注明数据来源，定期抽查数据使用情况;有较完善的数据安全保护体系；仅注明数据来源，定期抽查数据使用情况；可在自身业务范围内进行科学研究、咨询报告、业务支撑等场景，不得针对具体组织对外发布新闻等信息;有基础的数据安全保护能力；可在自身业务范围内进行科学研究、咨询报告、业务支撑等场景；注明数据来源，定期抽查数据使用情况;&&如有与文旅相关需求可开放,开放条件,0.00033013232
cat__detail_time_scope_2019年-2019年,detail_time_scope,0.00032420005
cat__开放条件_C1,开放条件,0.0003207266
cat__detail_time_scope_2019年-2023年,detail_time_scope,0.00031678795
cat__开放条件_有较完善的数据安全保护体系;仅注明数据来源，定期抽查数据使用情况;可在自身业务范围内进行科学研究、咨询报告、业务支撑等场景，不得针对具体组织对外发布新闻等信息;有基础的数据安全保护能力;可在自身业务范围内进行科学研究、咨询报告、业务支撑等场景;注明数据来源，定期抽查数据使用情况;&&,开放条件,0.00031647956
cat__开放条件_无条件开放&&依申请开放,开放条件,0.00031488494
cat__开放条件_有基础的数据安全保护能力;不得用于挖掘个人敏感信息；注明数据来源，定期抽查数据使用情况;&&需审核后开放,开放条件,0.00031100682
cat__detail_time_scope_2023年-2024年,detail_time_scope,0.00030288057
cat__开放条件_有基础的数据安全保护能力;不得用于挖掘个人敏感信息；注明数据来源，定期抽查数据使用情况;有较完善的数据安全保护体系；仅注明数据来源，定期抽查数据使用情况；可在自身业务范围内进行科学研究、咨询报告、业务支撑等场景，不得针对具体组织对外发布新闻等信息;有基础的数据安全保护能力；可在自身业务范围内进行科学研究、咨询报告、业务支撑等场景；注明数据来源，定期抽查数据使用情况;&&根据业务使用场景，需文旅局审核。,开放条件,0.0002817873
cat__开放条件_有基础的数据安全保护能力；可在自身业务范围内进行科学研究、咨询报告、业务支撑等场景；注明数据来源，定期抽查数据使用情况;&&与数据提供方线下沟通应用需求后方可开放,开放条件,0.00027662938
cat__开放条件_有较完善的数据安全保护体系；仅注明数据来源，定期抽查数据使用情况；可在自身业务范围内进行科学研究、咨询报告、业务支撑等场景，不得针对具体组织对外发布新闻等信息;有基础的数据安全保护能力；可在自身业务范围内进行科学研究、咨询报告、业务支撑等场景；注明数据来源，定期抽查数据使用情况;&&依申请开放清单,开放条件,0.00027021975
cat__detail_time_scope_2020年-2021年,detail_time_scope,0.00026854282
cat__开放条件_有基础的数据安全保护能力;可在自身业务范围内进行科学研究、咨询报告、业务支撑等场景;注明数据来源，定期抽查数据使用情况;&&,开放条件,0.00026132463
cat__开放条件_有基础的数据安全保护能力；可在自身业务范围内进行科学研究、咨询报告、业务支撑等场景；注明数据来源，定期抽查数据使用情况;&&申请通过即可开放,开放条件,0.00024285339
cat__开放条件_有较完善的数据安全保护体系；仅注明数据来源，定期抽查数据使用情况；可在自身业务范围内进行科学研究、咨询报告、业务支撑等场景，不得针对具体组织对外发布新闻等信息;有较完善的数据安全保护体系;仅可用于主管部门授权的场景;注明数据来源，实时日志反馈，定期提交利用报告；,开放条件,0.00024088212
cat__detail_time_scope_2016年-2024年,detail_time_scope,0.00023857545
cat__开放条件_有较完善的数据安全保护体系；仅注明数据来源，定期抽查数据使用情况；可在自身业务范围内进行科学研究、咨询报告、业务支撑等场景，不得针对具体组织对外发布新闻等信息;&&系统数据可能涉及个人敏感数据,开放条件,0.00023038374
cat__detail_time_scope_2015年-2024年,detail_time_scope,0.00022029626
cat__detail_time_scope_2021年-2021年,detail_time_scope,0.00021404844
cat__开放条件_有基础的数据安全保护能力；可在自身业务范围内进行科学研究、咨询报告、业务支撑等场景；注明数据来源，定期抽查数据使用情况;&&仅面向崇明区科研机构,开放条件,0.00021246127
cat__开放条件_有较完善的数据安全保护体系；仅注明数据来源，实时日志反馈，定期提交利用报告；可在自身业务范围内进行科学研究、咨询报告、业务支撑等场景，不得对外提供查询服务;有较完善的数据安全保护体系；仅注明数据来源，定期抽查数据使用情况；可在自身业务范围内进行科学研究、咨询报告、业务支撑等场景，不得针对具体组织对外发布新闻等信息;有较完善的数据安全保护体系;仅可用于主管部门授权的场景;注明数据来源，实时日志反馈，定期提交利用报告；,开放条件,0.00021088749
cat__开放条件_有较完善的数据安全保护体系；仅注明数据来源，实时日志反馈，定期提交利用报告；可在自身业务范围内进行科学研究、咨询报告、业务支撑等场景，不得对外提供查询服务;,开放条件,0.00021037781
cat__开放条件_有基础的数据安全保护能力;不得用于挖掘个人敏感信息；注明数据来源，定期抽查数据使用情况;有较完善的数据安全保护体系；仅注明数据来源，定期抽查数据使用情况；可在自身业务范围内进行科学研究、咨询报告、业务支撑等场景，不得针对具体组织对外发布新闻等信息;&&依申请开放，成果需模糊敏感信息,开放条件,0.0002088765
cat__开放条件_有较完善的数据安全保护体系；仅注明数据来源，定期抽查数据使用情况；可在自身业务范围内进行科学研究、咨询报告、业务支撑等场景，不得针对具体组织对外发布新闻等信息;有基础的数据安全保护能力；可在自身业务范围内进行科学研究、咨询报告、业务支撑等场景；注明数据来源，定期抽查数据使用情况;&&面向社会开放，使用方需根据实际需要提出申请,开放条件,0.0001915333
cat__detail_time_scope_2011年,detail_time_scope,0.000119865595
cat__detail_time_scope_2010年,detail_time_scope,0.00011331554
cat__detail_time_scope_2021年-2022年,detail_time_scope,5.655346e-05
cat__开放条件_有较完善的数据安全保护体系；仅注明数据来源，定期抽查数据使用情况；可在自身业务范围内进行科学研究、咨询报告、业务支撑等场景，不得针对具体组织对外发布新闻等信息;有基础的数据安全保护能力；可在自身业务范围内进行科学研究、咨询报告、业务支撑等场景；注明数据来源，定期抽查数据使用情况;&&该数据不支持商用,开放条件,0.0
cat__开放条件_有较完善的数据安全保护体系；仅注明数据来源，定期抽查数据使用情况；可在自身业务范围内进行科学研究、咨询报告、业务支撑等场景，不得针对具体组织对外发布新闻等信息;有基础的数据安全保护能力；可在自身业务范围内进行科学研究、咨询报告、业务支撑等场景；注明数据来源，定期抽查数据使用情况;&&申请通过即可开放,开放条件,0.0
cat__开放条件_有较完善的数据安全保护体系；仅注明数据来源，定期抽查数据使用情况；可在自身业务范围内进行科学研究、咨询报告、业务支撑等场景，不得针对具体组织对外发布新闻等信息;有基础的数据安全保护能力；可在自身业务范围内进行科学研究、咨询报告、业务支撑等场景；注明数据来源，定期抽查数据使用情况;&&请提供申请人姓名、工作（学习）单位、联系电话，并且说明数据用途和使用场景。,开放条件,0.0
cat__开放条件_有较完善的数据安全保护体系；仅注明数据来源，定期抽查数据使用情况；可在自身业务范围内进行科学研究、咨询报告、业务支撑等场景，不得针对具体组织对外发布新闻等信息;有基础的数据安全保护能力；可在自身业务范围内进行科学研究、咨询报告、业务支撑等场景；注明数据来源，定期抽查数据使用情况;&&通过审批后可按照业务实际进行开放,开放条件,0.0
cat__开放条件_有较完善的数据安全保护体系；仅注明数据来源，定期抽查数据使用情况；可在自身业务范围内进行科学研究、咨询报告、业务支撑等场景，不得针对具体组织对外发布新闻等信息;有基础的数据安全保护能力；可在自身业务范围内进行科学研究、咨询报告、业务支撑等场景；注明数据来源，定期抽查数据使用情况;&&部门同意,开放条件,0.0
cat__开放条件_有较完善的数据安全保护体系；仅注明数据来源，定期抽查数据使用情况；可在自身业务范围内进行科学研究、咨询报告、业务支撑等场景，不得针对具体组织对外发布新闻等信息;有基础的数据安全保护能力；可在自身业务范围内进行科学研究、咨询报告、业务支撑等场景；注明数据来源，定期抽查数据使用情况;&&限委办局业务使用,开放条件,0.0
cat__开放条件_有较完善的数据安全保护体系；仅注明数据来源，定期抽查数据使用情况；可在自身业务范围内进行科学研究、咨询报告、业务支撑等场景，不得针对具体组织对外发布新闻等信息;有基础的数据安全保护能力；可在自身业务范围内进行科学研究、咨询报告、业务支撑等场景；注明数据来源，定期抽查数据使用情况;&&环卫设施设备分布及运行状态数据，依申请经绿容局审批后可开放,开放条件,0.0
cat__开放条件_有较完善的数据安全保护体系；仅注明数据来源，定期抽查数据使用情况；可在自身业务范围内进行科学研究、咨询报告、业务支撑等场景，不得针对具体组织对外发布新闻等信息;有基础的数据安全保护能力；可在自身业务范围内进行科学研究、咨询报告、业务支撑等场景；注明数据来源，定期抽查数据使用情况;&&经审核后开放,开放条件,0.0
cat__开放条件_有较完善的数据安全保护体系；仅注明数据来源，定期抽查数据使用情况；可在自身业务范围内进行科学研究、咨询报告、业务支撑等场景，不得针对具体组织对外发布新闻等信息;&&满足开放条件即可开放,开放条件,0.0
cat__开放条件_有较完善的数据安全保护体系；仅注明数据来源，定期抽查数据使用情况；可在自身业务范围内进行科学研究、咨询报告、业务支撑等场景，不得针对具体组织对外发布新闻等信息;有基础的数据安全保护能力；可在自身业务范围内进行科学研究、咨询报告、业务支撑等场景；注明数据来源，定期抽查数据使用情况;&&申请需得到业务主管部门同意，明确开放数据的用途和使用范围，承诺采取安全措施，确保数据不泄露、不超范围使用或提供给第三方,开放条件,0.0
cat__开放条件_有较完善的数据安全保护体系；仅注明数据来源，定期抽查数据使用情况；可在自身业务范围内进行科学研究、咨询报告、业务支撑等场景，不得针对具体组织对外发布新闻等信息;有基础的数据安全保护能力；可在自身业务范围内进行科学研究、咨询报告、业务支撑等场景；注明数据来源，定期抽查数据使用情况;&&用于医疗保障和卫生健康部门医疗、医保、医药行业管理,开放条件,0.0
cat__开放条件_有较完善的数据安全保护体系；仅注明数据来源，定期抽查数据使用情况；可在自身业务范围内进行科学研究、咨询报告、业务支撑等场景，不得针对具体组织对外发布新闻等信息;有基础的数据安全保护能力；可在自身业务范围内进行科学研究、咨询报告、业务支撑等场景；注明数据来源，定期抽查数据使用情况;&&用于应急管理局重点单位查询,开放条件,0.0
cat__开放条件_有较完善的数据安全保护体系；仅注明数据来源，定期抽查数据使用情况；可在自身业务范围内进行科学研究、咨询报告、业务支撑等场景，不得针对具体组织对外发布新闻等信息;&&系统数据涉及个人敏感数据,开放条件,0.0
cat__开放条件_有较完善的数据安全保护体系；仅注明数据来源，定期抽查数据使用情况；可在自身业务范围内进行科学研究、咨询报告、业务支撑等场景，不得针对具体组织对外发布新闻等信息;有基础的数据安全保护能力；可在自身业务范围内进行科学研究、咨询报告、业务支撑等场景；注明数据来源，定期抽查数据使用情况;&&申请该数据，需要完整描述需求场景和用途  ,开放条件,0.0
cat__开放条件_有较完善的数据安全保护体系；仅注明数据来源，定期抽查数据使用情况；可在自身业务范围内进行科学研究、咨询报告、业务支撑等场景，不得针对具体组织对外发布新闻等信息;&&申请该数据，请提供申请人姓名、工作(学习)单位、联系电话，并且说明数据用途和使用场景。,开放条件,0.0
cat__开放条件_有较完善的数据安全保护体系；仅注明数据来源，定期抽查数据使用情况；可在自身业务范围内进行科学研究、咨询报告、业务支撑等场景，不得针对具体组织对外发布新闻等信息;有基础的数据安全保护能力；可在自身业务范围内进行科学研究、咨询报告、业务支撑等场景；注明数据来源，定期抽查数据使用情况;&&申请,开放条件,0.0
cat__开放条件_有较完善的数据安全保护体系；仅注明数据来源，定期抽查数据使用情况；可在自身业务范围内进行科学研究、咨询报告、业务支撑等场景，不得针对具体组织对外发布新闻等信息;有基础的数据安全保护能力；可在自身业务范围内进行科学研究、咨询报告、业务支撑等场景；注明数据来源，定期抽查数据使用情况;&&需向区市场局申请,开放条件,0.0
cat__开放条件_有较完善的数据安全保护体系；仅注明数据来源，定期抽查数据使用情况；可在自身业务范围内进行科学研究、咨询报告、业务支撑等场景，不得针对具体组织对外发布新闻等信息;&&有基础的数据安全保护能力;不得用于挖掘个人敏感信息；注明数据来源，定期抽查数据使用情况;,开放条件,0.0
cat__开放条件_有较完善的数据安全保护体系；仅注明数据来源，定期抽查数据使用情况；可在自身业务范围内进行科学研究、咨询报告、业务支撑等场景，不得针对具体组织对外发布新闻等信息;有基础的数据安全保护能力；可在自身业务范围内进行科学研究、咨询报告、业务支撑等场景；注明数据来源，定期抽查数据使用情况;&&申请该数据，请提供申请人姓名、工作(学习)单位、联系电话，并且说明数据用途和使用场景。,开放条件,0.0
cat__开放条件_有较完善的数据安全保护体系；仅注明数据来源，定期抽查数据使用情况；可在自身业务范围内进行科学研究、咨询报告、业务支撑等场景，不得针对具体组织对外发布新闻等信息;有基础的数据安全保护能力；可在自身业务范围内进行科学研究、咨询报告、业务支撑等场景；注明数据来源，定期抽查数据使用情况;&&申请协商,开放条件,0.0
cat__开放条件_有较完善的数据安全保护体系；仅注明数据来源，定期抽查数据使用情况；可在自身业务范围内进行科学研究、咨询报告、业务支撑等场景，不得针对具体组织对外发布新闻等信息;有基础的数据安全保护能力；可在自身业务范围内进行科学研究、咨询报告、业务支撑等场景；注明数据来源，定期抽查数据使用情况;&&申请使用的业务范围应包括与信用业务相关的各项服务,开放条件,0.0
cat__开放条件_有较完善的数据安全保护体系；仅注明数据来源，定期抽查数据使用情况；可在自身业务范围内进行科学研究、咨询报告、业务支撑等场景，不得针对具体组织对外发布新闻等信息;有基础的数据安全保护能力；可在自身业务范围内进行科学研究、咨询报告、业务支撑等场景；注明数据来源，定期抽查数据使用情况;&&申请前先联系市场局， 大数据中心 蒋浩老师 电话：13061866988,开放条件,0.0
cat__开放条件_有较完善的数据安全保护体系；仅注明数据来源，定期抽查数据使用情况；可在自身业务范围内进行科学研究、咨询报告、业务支撑等场景，不得针对具体组织对外发布新闻等信息;有基础的数据安全保护能力；可在自身业务范围内进行科学研究、咨询报告、业务支撑等场景；注明数据来源，定期抽查数据使用情况;&&环卫作业日常管理和运营规范或消耗数据，依申请经绿容局审批后可开放,开放条件,0.0
cat__开放条件_有较完善的数据安全保护体系；仅注明数据来源，定期抽查数据使用情况；可在自身业务范围内进行科学研究、咨询报告、业务支撑等场景，不得针对具体组织对外发布新闻等信息;有较完善的数据安全保护体系;仅可用于主管部门授权的场景;注明数据来源，实时日志反馈，定期提交利用报告；&&数据提供对象仅限于按照法定职责开展业务必须获取车辆数据的机构,开放条件,0.0
cat__开放条件_有较完善的数据安全保护体系；仅注明数据来源，定期抽查数据使用情况；可在自身业务范围内进行科学研究、咨询报告、业务支撑等场景，不得针对具体组织对外发布新闻等信息;有较完善的数据安全保护体系;仅可用于主管部门授权的场景;注明数据来源，实时日志反馈，定期提交利用报告；&&数据提供对象仅限于按照法定职责开展业务必须获取公共机构节能数据的机构,开放条件,0.0
cat__开放条件_有较完善的数据安全保护体系；仅注明数据来源，定期抽查数据使用情况；可在自身业务范围内进行科学研究、咨询报告、业务支撑等场景，不得针对具体组织对外发布新闻等信息;有较完善的数据安全保护体系;仅可用于主管部门授权的场景;注明数据来源，实时日志反馈，定期提交利用报告；&&数据提供对象仅限于按照法定职责开展业务必须获取公共机构数据中心机房信息的机构,开放条件,0.0
cat__开放条件_有较完善的数据安全保护体系；仅注明数据来源，定期抽查数据使用情况；可在自身业务范围内进行科学研究、咨询报告、业务支撑等场景，不得针对具体组织对外发布新闻等信息;有较完善的数据安全保护体系;仅可用于主管部门授权的场景;注明数据来源，实时日志反馈，定期提交利用报告；&&数据提供单位审批,开放条件,0.0
cat__开放条件_有较完善的数据安全保护体系；仅注明数据来源，定期抽查数据使用情况；可在自身业务范围内进行科学研究、咨询报告、业务支撑等场景，不得针对具体组织对外发布新闻等信息;&&有条件开放,开放条件,0.0
cat__开放条件_有较完善的数据安全保护体系；仅注明数据来源，定期抽查数据使用情况；可在自身业务范围内进行科学研究、咨询报告、业务支撑等场景，不得针对具体组织对外发布新闻等信息;有较完善的数据安全保护体系;仅可用于主管部门授权的场景;注明数据来源，实时日志反馈，定期提交利用报告；&&依申请开放清单,开放条件,0.0
cat__开放条件_有较完善的数据安全保护体系；仅注明数据来源，定期抽查数据使用情况；可在自身业务范围内进行科学研究、咨询报告、业务支撑等场景，不得针对具体组织对外发布新闻等信息;有较完善的数据安全保护体系;仅可用于主管部门授权的场景;注明数据来源，实时日志反馈，定期提交利用报告；&&依申请开放,开放条件,0.0
cat__开放条件_有较完善的数据安全保护体系；仅注明数据来源，定期抽查数据使用情况；可在自身业务范围内进行科学研究、咨询报告、业务支撑等场景，不得针对具体组织对外发布新闻等信息;有较完善的数据安全保护体系;仅可用于主管部门授权的场景;注明数据来源，实时日志反馈，定期提交利用报告；&&依主管部门审核后开放,开放条件,0.0
cat__开放条件_有较完善的数据安全保护体系；仅注明数据来源，定期抽查数据使用情况；可在自身业务范围内进行科学研究、咨询报告、业务支撑等场景，不得针对具体组织对外发布新闻等信息;&&根据业务使用场景，需文旅局审核。,开放条件,0.0
cat__开放条件_有较完善的数据安全保护体系；仅注明数据来源，定期抽查数据使用情况；可在自身业务范围内进行科学研究、咨询报告、业务支撑等场景，不得针对具体组织对外发布新闻等信息;&&根据业务需要提出共享需求,开放条件,0.0
cat__detail_time_scope_2024年,detail_time_scope,0.0
cat__开放条件_有较完善的数据安全保护体系；仅注明数据来源，定期抽查数据使用情况；可在自身业务范围内进行科学研究、咨询报告、业务支撑等场景，不得针对具体组织对外发布新闻等信息;有较完善的数据安全保护体系;仅可用于主管部门授权的场景;注明数据来源，实时日志反馈，定期提交利用报告；&&仅限地方金融组织日常监管使用,开放条件,0.0
cat__开放条件_有较完善的数据安全保护体系；仅注明数据来源，定期抽查数据使用情况；可在自身业务范围内进行科学研究、咨询报告、业务支撑等场景，不得针对具体组织对外发布新闻等信息;有较完善的数据安全保护体系;仅可用于主管部门授权的场景;注明数据来源，实时日志反馈，定期提交利用报告；&&仅对社会团体或企业开放,开放条件,0.0
cat__开放条件_有较完善的数据安全保护体系；仅注明数据来源，定期抽查数据使用情况；可在自身业务范围内进行科学研究、咨询报告、业务支撑等场景，不得针对具体组织对外发布新闻等信息;有较完善的数据安全保护体系;仅可用于主管部门授权的场景;注明数据来源，实时日志反馈，定期提交利用报告；&&仅委办局间共享，需经业务管理部门同意,开放条件,0.0
cat__开放条件_有较完善的数据安全保护体系；仅注明数据来源，定期抽查数据使用情况；可在自身业务范围内进行科学研究、咨询报告、业务支撑等场景，不得针对具体组织对外发布新闻等信息;有基础的数据安全保护能力；可在自身业务范围内进行科学研究、咨询报告、业务支撑等场景；注明数据来源，定期抽查数据使用情况;&&需要奉贤区大数据中心同意。有基础的数据安全保护能力;不得用于挖掘个人敏感信息；注明数据来源，定期抽查数据使用情况;,开放条件,0.0
cat__开放条件_有较完善的数据安全保护体系；仅注明数据来源，定期抽查数据使用情况；可在自身业务范围内进行科学研究、咨询报告、业务支撑等场景，不得针对具体组织对外发布新闻等信息;有基础的数据安全保护能力；可在自身业务范围内进行科学研究、咨询报告、业务支撑等场景；注明数据来源，定期抽查数据使用情况;&&需提供申请事项待业务单位审批,开放条件,0.0
cat__detail_time_scope_2024年-2026年,detail_time_scope,0.0
cat__开放条件_有较完善的数据安全保护体系；仅注明数据来源，定期抽查数据使用情况；可在自身业务范围内进行科学研究、咨询报告、业务支撑等场景，不得针对具体组织对外发布新闻等信息;有基础的数据安全保护能力；可在自身业务范围内进行科学研究、咨询报告、业务支撑等场景；注明数据来源，定期抽查数据使用情况;&&需向部门申请,开放条件,0.0
cat__开放条件_有较完善的数据安全保护体系；仅注明数据来源，定期抽查数据使用情况；可在自身业务范围内进行科学研究、咨询报告、业务支撑等场景，不得针对具体组织对外发布新闻等信息;&&水务局确认后进行开放,开放条件,0.0
cat__开放条件_有较完善的数据安全保护体系；仅注明数据来源，定期抽查数据使用情况；可在自身业务范围内进行科学研究、咨询报告、业务支撑等场景，不得针对具体组织对外发布新闻等信息;有基础的数据安全保护能力；可在自身业务范围内进行科学研究、咨询报告、业务支撑等场景；注明数据来源，定期抽查数据使用情况;&&需审核后开放,开放条件,0.0
cat__开放条件_有较完善的数据安全保护体系；仅注明数据来源，定期抽查数据使用情况；可在自身业务范围内进行科学研究、咨询报告、业务支撑等场景，不得针对具体组织对外发布新闻等信息;有基础的数据安全保护能力；可在自身业务范围内进行科学研究、咨询报告、业务支撑等场景；注明数据来源，定期抽查数据使用情况;&&需市生态环境局审批,开放条件,0.0
cat__开放条件_有较完善的数据安全保护体系；仅注明数据来源，定期抽查数据使用情况；可在自身业务范围内进行科学研究、咨询报告、业务支撑等场景，不得针对具体组织对外发布新闻等信息;有基础的数据安全保护能力；可在自身业务范围内进行科学研究、咨询报告、业务支撑等场景；注明数据来源，定期抽查数据使用情况;&&需得到部门同意,开放条件,0.0
cat__开放条件_有较完善的数据安全保护体系；仅注明数据来源，定期抽查数据使用情况；可在自身业务范围内进行科学研究、咨询报告、业务支撑等场景，不得针对具体组织对外发布新闻等信息;有基础的数据安全保护能力；可在自身业务范围内进行科学研究、咨询报告、业务支撑等场景；注明数据来源，定期抽查数据使用情况;&&需明确用途,开放条件,0.0
cat__开放条件_有较完善的数据安全保护体系；仅注明数据来源，定期抽查数据使用情况；可在自身业务范围内进行科学研究、咨询报告、业务支撑等场景，不得针对具体组织对外发布新闻等信息;有基础的数据安全保护能力；可在自身业务范围内进行科学研究、咨询报告、业务支撑等场景；注明数据来源，定期抽查数据使用情况;&&需要写明用途,开放条件,0.0
cat__开放条件_有较完善的数据安全保护体系；仅注明数据来源，定期抽查数据使用情况；可在自身业务范围内进行科学研究、咨询报告、业务支撑等场景，不得针对具体组织对外发布新闻等信息;有基础的数据安全保护能力；可在自身业务范围内进行科学研究、咨询报告、业务支撑等场景；注明数据来源，定期抽查数据使用情况;&&需生态环境局审批同意,开放条件,0.0
cat__开放条件_有较完善的数据安全保护体系；仅注明数据来源，定期抽查数据使用情况；可在自身业务范围内进行科学研究、咨询报告、业务支撑等场景，不得针对具体组织对外发布新闻等信息;有基础的数据安全保护能力；可在自身业务范围内进行科学研究、咨询报告、业务支撑等场景；注明数据来源，定期抽查数据使用情况;&&需申请经业务部门许可,开放条件,0.0
cat__开放条件_有较完善的数据安全保护体系；仅注明数据来源，定期抽查数据使用情况；可在自身业务范围内进行科学研究、咨询报告、业务支撑等场景，不得针对具体组织对外发布新闻等信息;&&根据业务需要提出需求,开放条件,0.0
cat__开放条件_有较完善的数据安全保护体系；仅注明数据来源，定期抽查数据使用情况；可在自身业务范围内进行科学研究、咨询报告、业务支撑等场景，不得针对具体组织对外发布新闻等信息;有基础的数据安全保护能力；可在自身业务范围内进行科学研究、咨询报告、业务支撑等场景；注明数据来源，定期抽查数据使用情况;&&需要 明确 实际用途,开放条件,0.0
cat__开放条件_有较完善的数据安全保护体系；仅注明数据来源，定期抽查数据使用情况；可在自身业务范围内进行科学研究、咨询报告、业务支撑等场景，不得针对具体组织对外发布新闻等信息;&&根据业务需要提出开放需求,开放条件,0.0
cat__开放条件_有较完善的数据安全保护体系；仅注明数据来源，定期抽查数据使用情况；可在自身业务范围内进行科学研究、咨询报告、业务支撑等场景，不得针对具体组织对外发布新闻等信息;有基础的数据安全保护能力；可在自身业务范围内进行科学研究、咨询报告、业务支撑等场景；注明数据来源，定期抽查数据使用情况;&&需要上海市奉贤区大数据中心同意申请,开放条件,0.0
cat__开放条件_有较完善的数据安全保护体系；仅注明数据来源，定期抽查数据使用情况；可在自身业务范围内进行科学研究、咨询报告、业务支撑等场景，不得针对具体组织对外发布新闻等信息;有基础的数据安全保护能力；可在自身业务范围内进行科学研究、咨询报告、业务支撑等场景；注明数据来源，定期抽查数据使用情况;&&需要上海市奉贤区大数据中心同意，有基础的数据安全保护能力;不得用于挖掘个人敏感信息；注明数据来源，定期抽查数据使用情况;,开放条件,0.0
cat__开放条件_有较完善的数据安全保护体系；仅注明数据来源，定期抽查数据使用情况；可在自身业务范围内进行科学研究、咨询报告、业务支撑等场景，不得针对具体组织对外发布新闻等信息;有基础的数据安全保护能力；可在自身业务范围内进行科学研究、咨询报告、业务支撑等场景；注明数据来源，定期抽查数据使用情况;&&需要上海市奉贤区大数据中心同意，有基础的数据安全保护能力;不得用于挖掘个人敏感信息；注明数据来源，定期抽查数据使用情况;有基础的数据安全保护能力;不得用于挖掘个人敏感信息；注明数据来源，定期抽查数据使用情况;,开放条件,0.0
cat__开放条件_有较完善的数据安全保护体系；仅注明数据来源，定期抽查数据使用情况；可在自身业务范围内进行科学研究、咨询报告、业务支撑等场景，不得针对具体组织对外发布新闻等信息;有基础的数据安全保护能力；可在自身业务范围内进行科学研究、咨询报告、业务支撑等场景；注明数据来源，定期抽查数据使用情况;&&需生态环境局审批,开放条件,0.0
cat__开放条件_有较完善的数据安全保护体系；仅注明数据来源，定期抽查数据使用情况；可在自身业务范围内进行科学研究、咨询报告、业务支撑等场景，不得针对具体组织对外发布新闻等信息;有基础的数据安全保护能力；可在自身业务范围内进行科学研究、咨询报告、业务支撑等场景；注明数据来源，定期抽查数据使用情况;&&仅委办局间使用,开放条件,0.0
cat__开放条件_有较完善的数据安全保护体系；仅注明数据来源，定期抽查数据使用情况；可在自身业务范围内进行科学研究、咨询报告、业务支撑等场景，不得针对具体组织对外发布新闻等信息;有基础的数据安全保护能力；可在自身业务范围内进行科学研究、咨询报告、业务支撑等场景；注明数据来源，定期抽查数据使用情况;&&仅可用于一般公共预算决算情况分析,开放条件,0.0
cat__开放条件_有较完善的数据安全保护体系；仅注明数据来源，定期抽查数据使用情况；可在自身业务范围内进行科学研究、咨询报告、业务支撑等场景，不得针对具体组织对外发布新闻等信息;有基础的数据安全保护能力；可在自身业务范围内进行科学研究、咨询报告、业务支撑等场景；注明数据来源，定期抽查数据使用情况;&&依申请,开放条件,0.0
cat__开放条件_有较完善的数据安全保护体系；仅注明数据来源，定期抽查数据使用情况；可在自身业务范围内进行科学研究、咨询报告、业务支撑等场景，不得针对具体组织对外发布新闻等信息;有基础的数据安全保护能力；可在自身业务范围内进行科学研究、咨询报告、业务支撑等场景；注明数据来源，定期抽查数据使用情况;&&依申请开放，仅供企业或社会团体提供数据依据,开放条件,0.0
cat__开放条件_有较完善的数据安全保护体系；仅注明数据来源，定期抽查数据使用情况；可在自身业务范围内进行科学研究、咨询报告、业务支撑等场景，不得针对具体组织对外发布新闻等信息;有基础的数据安全保护能力；可在自身业务范围内进行科学研究、咨询报告、业务支撑等场景；注明数据来源，定期抽查数据使用情况;&&依申请开放，成果需模糊敏感信息,开放条件,0.0
cat__开放条件_有较完善的数据安全保护体系；仅注明数据来源，定期抽查数据使用情况；可在自身业务范围内进行科学研究、咨询报告、业务支撑等场景，不得针对具体组织对外发布新闻等信息;有基础的数据安全保护能力；可在自身业务范围内进行科学研究、咨询报告、业务支撑等场景；注明数据来源，定期抽查数据使用情况;&&依申请，数据需脱敏后开放,开放条件,0.0
cat__开放条件_有较完善的数据安全保护体系；仅注明数据来源，定期抽查数据使用情况；可在自身业务范围内进行科学研究、咨询报告、业务支撑等场景，不得针对具体组织对外发布新闻等信息;有基础的数据安全保护能力；可在自身业务范围内进行科学研究、咨询报告、业务支撑等场景；注明数据来源，定期抽查数据使用情况;&&依申请，需脱敏后开放,开放条件,0.0
cat__开放条件_有较完善的数据安全保护体系；仅注明数据来源，定期抽查数据使用情况；可在自身业务范围内进行科学研究、咨询报告、业务支撑等场景，不得针对具体组织对外发布新闻等信息;有基础的数据安全保护能力；可在自身业务范围内进行科学研究、咨询报告、业务支撑等场景；注明数据来源，定期抽查数据使用情况;&&根据使用需求，按需申请开放，仅提供根据订单号查询服务，申请须说明使用场景,开放条件,0.0
cat__开放条件_有较完善的数据安全保护体系；仅注明数据来源，定期抽查数据使用情况；可在自身业务范围内进行科学研究、咨询报告、业务支撑等场景，不得针对具体组织对外发布新闻等信息;有基础的数据安全保护能力；可在自身业务范围内进行科学研究、咨询报告、业务支撑等场景；注明数据来源，定期抽查数据使用情况;&&农业科研部门开展农业生产信息化研究中应用,开放条件,0.0
cat__开放条件_有较完善的数据安全保护体系；仅注明数据来源，定期抽查数据使用情况；可在自身业务范围内进行科学研究、咨询报告、业务支撑等场景，不得针对具体组织对外发布新闻等信息;有基础的数据安全保护能力；可在自身业务范围内进行科学研究、咨询报告、业务支撑等场景；注明数据来源，定期抽查数据使用情况;&&单条数据接口调用方式开放,开放条件,0.0
cat__开放条件_有较完善的数据安全保护体系；仅注明数据来源，定期抽查数据使用情况；可在自身业务范围内进行科学研究、咨询报告、业务支撑等场景，不得针对具体组织对外发布新闻等信息;有基础的数据安全保护能力；可在自身业务范围内进行科学研究、咨询报告、业务支撑等场景；注明数据来源，定期抽查数据使用情况;&&可用于重大建设项目分析工作,开放条件,0.0
cat__开放条件_有较完善的数据安全保护体系；仅注明数据来源，定期抽查数据使用情况；可在自身业务范围内进行科学研究、咨询报告、业务支撑等场景，不得针对具体组织对外发布新闻等信息;有基础的数据安全保护能力；可在自身业务范围内进行科学研究、咨询报告、业务支撑等场景；注明数据来源，定期抽查数据使用情况;&&向业务部门申请,开放条件,0.0
cat__开放条件_有较完善的数据安全保护体系；仅注明数据来源，定期抽查数据使用情况；可在自身业务范围内进行科学研究、咨询报告、业务支撑等场景，不得针对具体组织对外发布新闻等信息;有基础的数据安全保护能力；可在自身业务范围内进行科学研究、咨询报告、业务支撑等场景；注明数据来源，定期抽查数据使用情况;&&仅供黄浦区就促中心开展档案查询业务时使用,开放条件,0.0
cat__开放条件_有较完善的数据安全保护体系；仅注明数据来源，定期抽查数据使用情况；可在自身业务范围内进行科学研究、咨询报告、业务支撑等场景，不得针对具体组织对外发布新闻等信息;有基础的数据安全保护能力；可在自身业务范围内进行科学研究、咨询报告、业务支撑等场景；注明数据来源，定期抽查数据使用情况;&&向大数据中心申请后使用,开放条件,0.0
cat__detail_time_scope_2025年-2020年,detail_time_scope,0.0
cat__开放条件_有较完善的数据安全保护体系；仅注明数据来源，定期抽查数据使用情况；可在自身业务范围内进行科学研究、咨询报告、业务支撑等场景，不得针对具体组织对外发布新闻等信息;有基础的数据安全保护能力；可在自身业务范围内进行科学研究、咨询报告、业务支撑等场景；注明数据来源，定期抽查数据使用情况;&&如有和文旅相关申请可开放,开放条件,0.0
cat__开放条件_有较完善的数据安全保护体系；仅注明数据来源，定期抽查数据使用情况；可在自身业务范围内进行科学研究、咨询报告、业务支撑等场景，不得针对具体组织对外发布新闻等信息;有基础的数据安全保护能力；可在自身业务范围内进行科学研究、咨询报告、业务支撑等场景；注明数据来源，定期抽查数据使用情况;&&农业科研机构开展调研应用,开放条件,0.0
cat__开放条件_有较完善的数据安全保护体系；仅注明数据来源，定期抽查数据使用情况；可在自身业务范围内进行科学研究、咨询报告、业务支撑等场景，不得针对具体组织对外发布新闻等信息;有基础的数据安全保护能力；可在自身业务范围内进行科学研究、咨询报告、业务支撑等场景；注明数据来源，定期抽查数据使用情况;&&仅对社会团体或企业开放,开放条件,0.0
cat__开放条件_有较完善的数据安全保护体系；仅注明数据来源，定期抽查数据使用情况；可在自身业务范围内进行科学研究、咨询报告、业务支撑等场景，不得针对具体组织对外发布新闻等信息;有基础的数据安全保护能力；可在自身业务范围内进行科学研究、咨询报告、业务支撑等场景；注明数据来源，定期抽查数据使用情况;&&仅用于主要经济指标分析,开放条件,0.0
cat__开放条件_有较完善的数据安全保护体系；仅注明数据来源，定期抽查数据使用情况；可在自身业务范围内进行科学研究、咨询报告、业务支撑等场景，不得针对具体组织对外发布新闻等信息;有基础的数据安全保护能力；可在自身业务范围内进行科学研究、咨询报告、业务支撑等场景；注明数据来源，定期抽查数据使用情况;&&仅用于卫健条线使用,开放条件,0.0
cat__开放条件_有较完善的数据安全保护体系；仅注明数据来源，定期抽查数据使用情况；可在自身业务范围内进行科学研究、咨询报告、业务支撑等场景，不得针对具体组织对外发布新闻等信息;有基础的数据安全保护能力；可在自身业务范围内进行科学研究、咨询报告、业务支撑等场景；注明数据来源，定期抽查数据使用情况;&&仅用于城市更新行动计划查询,开放条件,0.0
cat__开放条件_有较完善的数据安全保护体系；仅注明数据来源，定期抽查数据使用情况；可在自身业务范围内进行科学研究、咨询报告、业务支撑等场景，不得针对具体组织对外发布新闻等信息;有基础的数据安全保护能力；可在自身业务范围内进行科学研究、咨询报告、业务支撑等场景；注明数据来源，定期抽查数据使用情况;&&仅用于数据创新实验室使用,开放条件,0.0
cat__开放条件_有较完善的数据安全保护体系；仅注明数据来源，定期抽查数据使用情况；可在自身业务范围内进行科学研究、咨询报告、业务支撑等场景，不得针对具体组织对外发布新闻等信息;有基础的数据安全保护能力；可在自身业务范围内进行科学研究、咨询报告、业务支撑等场景；注明数据来源，定期抽查数据使用情况;&&仅用于查询城市低保发放名单,开放条件,0.0
cat__开放条件_有较完善的数据安全保护体系；仅注明数据来源，定期抽查数据使用情况；可在自身业务范围内进行科学研究、咨询报告、业务支撑等场景，不得针对具体组织对外发布新闻等信息;有基础的数据安全保护能力；可在自身业务范围内进行科学研究、咨询报告、业务支撑等场景；注明数据来源，定期抽查数据使用情况;&&仅用于查询报备冬病夏治穴位敷贴服务医疗机构,开放条件,0.0
cat__开放条件_有较完善的数据安全保护体系；仅注明数据来源，定期抽查数据使用情况；可在自身业务范围内进行科学研究、咨询报告、业务支撑等场景，不得针对具体组织对外发布新闻等信息;有基础的数据安全保护能力；可在自身业务范围内进行科学研究、咨询报告、业务支撑等场景；注明数据来源，定期抽查数据使用情况;&&仅用于查询特困生活补助名单,开放条件,0.0
"cat__开放条件_有较完善的数据安全保护体系；仅注明数据来源，定期抽查数据使用情况；可在自身业务范围内进行科学研究、咨询报告、业务支撑等场景，不得针对具体组织对外发布新闻等信息;有基础的数据安全保护能力；可在自身业务范围内进行科学研究、咨询报告、业务支撑等场景；注明数据来源，定期抽查数据使用情况;&&以单次查询模式，以接口形式提供近一年内主体查询服务,开放字段为“建设主体名称、地址、种植品种”。",开放条件,0.0
cat__开放条件_有较完善的数据安全保护体系；仅注明数据来源，定期抽查数据使用情况；可在自身业务范围内进行科学研究、咨询报告、业务支撑等场景，不得针对具体组织对外发布新闻等信息;有基础的数据安全保护能力；可在自身业务范围内进行科学研究、咨询报告、业务支撑等场景；注明数据来源，定期抽查数据使用情况;&&仅用于老年综合津贴发放分析,开放条件,0.0
cat__开放条件_有较完善的数据安全保护体系；仅注明数据来源，定期抽查数据使用情况；可在自身业务范围内进行科学研究、咨询报告、业务支撑等场景，不得针对具体组织对外发布新闻等信息;有基础的数据安全保护能力；可在自身业务范围内进行科学研究、咨询报告、业务支撑等场景；注明数据来源，定期抽查数据使用情况;&&仅用于财政收支情况分析,开放条件,0.0
cat__开放条件_有较完善的数据安全保护体系；仅注明数据来源，定期抽查数据使用情况；可在自身业务范围内进行科学研究、咨询报告、业务支撑等场景，不得针对具体组织对外发布新闻等信息;有基础的数据安全保护能力；可在自身业务范围内进行科学研究、咨询报告、业务支撑等场景；注明数据来源，定期抽查数据使用情况;&&仅用于重大建设项目进展分析,开放条件,0.0
cat__开放条件_有较完善的数据安全保护体系；仅注明数据来源，定期抽查数据使用情况；可在自身业务范围内进行科学研究、咨询报告、业务支撑等场景，不得针对具体组织对外发布新闻等信息;有基础的数据安全保护能力；可在自身业务范围内进行科学研究、咨询报告、业务支撑等场景；注明数据来源，定期抽查数据使用情况;&&仅限国资委下属企业或单位，依公开申请需求进行开放,开放条件,0.0
cat__开放条件_有较完善的数据安全保护体系；仅注明数据来源，定期抽查数据使用情况；可在自身业务范围内进行科学研究、咨询报告、业务支撑等场景，不得针对具体组织对外发布新闻等信息;有基础的数据安全保护能力；可在自身业务范围内进行科学研究、咨询报告、业务支撑等场景；注明数据来源，定期抽查数据使用情况;&&仅限国资委下属单位或企业，依公开申请需求进行开放,开放条件,0.0
cat__开放条件_有较完善的数据安全保护体系；仅注明数据来源，定期抽查数据使用情况；可在自身业务范围内进行科学研究、咨询报告、业务支撑等场景，不得针对具体组织对外发布新闻等信息;有基础的数据安全保护能力；可在自身业务范围内进行科学研究、咨询报告、业务支撑等场景；注明数据来源，定期抽查数据使用情况;&&仅面向崇明区科研机构,开放条件,0.0
cat__开放条件_有较完善的数据安全保护体系；仅注明数据来源，定期抽查数据使用情况；可在自身业务范围内进行科学研究、咨询报告、业务支撑等场景，不得针对具体组织对外发布新闻等信息;有基础的数据安全保护能力；可在自身业务范围内进行科学研究、咨询报告、业务支撑等场景；注明数据来源，定期抽查数据使用情况;&&以单条接口调用形式开放,开放条件,0.0
cat__开放条件_有较完善的数据安全保护体系；仅注明数据来源，定期抽查数据使用情况；可在自身业务范围内进行科学研究、咨询报告、业务支撑等场景，不得针对具体组织对外发布新闻等信息;有基础的数据安全保护能力；可在自身业务范围内进行科学研究、咨询报告、业务支撑等场景；注明数据来源，定期抽查数据使用情况;&&以单次查询模式，以接口形式提供近一年内主体查询服务,开放条件,0.0
cat__开放条件_有较完善的数据安全保护体系；仅注明数据来源，定期抽查数据使用情况；可在自身业务范围内进行科学研究、咨询报告、业务支撑等场景，不得针对具体组织对外发布新闻等信息;有基础的数据安全保护能力；可在自身业务范围内进行科学研究、咨询报告、业务支撑等场景；注明数据来源，定期抽查数据使用情况;&&仅用于经济运行情况分析,开放条件,0.0
cat__开放条件_有较完善的数据安全保护体系；仅注明数据来源，定期抽查数据使用情况；可在自身业务范围内进行科学研究、咨询报告、业务支撑等场景，不得针对具体组织对外发布新闻等信息;&&需审核后开放,开放条件,0.0
cat__开放条件_有较完善的数据安全保护体系；仅注明数据来源，定期抽查数据使用情况；可在自身业务范围内进行科学研究、咨询报告、业务支撑等场景，不得针对具体组织对外发布新闻等信息;有基础的数据安全保护能力；可在自身业务范围内进行科学研究、咨询报告、业务支撑等场景；注明数据来源，定期抽查数据使用情况;&&有条件开放,开放条件,0.0
cat__开放条件_有较完善的数据安全保护体系；仅注明数据来源，定期抽查数据使用情况；可在自身业务范围内进行科学研究、咨询报告、业务支撑等场景，不得针对具体组织对外发布新闻等信息;有基础的数据安全保护能力；可在自身业务范围内进行科学研究、咨询报告、业务支撑等场景；注明数据来源，定期抽查数据使用情况;&&有较完善的数据安全保护体系;仅注明数据来源，定期抽查数据使用情况;可在自身业务范围内进行科学研究、咨询报告、业务支撑等场景，不得针对具体组织对外发布新闻等信息;有基础的数据安全保护能力;可在自身业务范围内进行科学研究、咨询报告、业务支撑等场景;注明数据来源，定期抽查数据使用情况;,开放条件,0.0
cat__开放条件_有较完善的数据安全保护体系；仅注明数据来源，定期抽查数据使用情况；可在自身业务范围内进行科学研究、咨询报告、业务支撑等场景，不得针对具体组织对外发布新闻等信息;&&需向体育局发起申请,开放条件,0.0
cat__开放条件_有较完善的数据安全保护体系；仅注明数据来源，定期抽查数据使用情况；可在自身业务范围内进行科学研究、咨询报告、业务支撑等场景，不得针对具体组织对外发布新闻等信息;有基础的数据安全保护能力；可在自身业务范围内进行科学研究、咨询报告、业务支撑等场景；注明数据来源，定期抽查数据使用情况;&&有较完善的数据安全保护体系；仅注明数据来源，定期抽查数据使用情况；可在自身业务范围内进行科学研究、咨询报告、业务支撑等场景，不得针对具体组织对外发布新闻等信息;有较完善的数据安全保护体系;仅可用于主管部门授权的场景;注明数据来源，实时日志反馈，定期提交利用报告；,开放条件,0.0
cat__开放条件_有较完善的数据安全保护体系；仅注明数据来源，定期抽查数据使用情况；可在自身业务范围内进行科学研究、咨询报告、业务支撑等场景，不得针对具体组织对外发布新闻等信息;有基础的数据安全保护能力；可在自身业务范围内进行科学研究、咨询报告、业务支撑等场景；注明数据来源，定期抽查数据使用情况;&&查询文化活动情况,开放条件,0.0
cat__开放条件_有较完善的数据安全保护体系；仅注明数据来源，定期抽查数据使用情况；可在自身业务范围内进行科学研究、咨询报告、业务支撑等场景，不得针对具体组织对外发布新闻等信息;&&限气象、地球环境领域科研机构和学校。,开放条件,0.0
cat__开放条件_有较完善的数据安全保护体系；仅注明数据来源，定期抽查数据使用情况；可在自身业务范围内进行科学研究、咨询报告、业务支撑等场景，不得针对具体组织对外发布新闻等信息;有基础的数据安全保护能力；可在自身业务范围内进行科学研究、咨询报告、业务支撑等场景；注明数据来源，定期抽查数据使用情况;&&仅供黄浦区人社局职业技能培训科开展培训机构监管业务时使用,开放条件,0.0
cat__开放条件_有较完善的数据安全保护体系；仅注明数据来源，定期抽查数据使用情况；可在自身业务范围内进行科学研究、咨询报告、业务支撑等场景，不得针对具体组织对外发布新闻等信息;有基础的数据安全保护能力；可在自身业务范围内进行科学研究、咨询报告、业务支撑等场景；注明数据来源，定期抽查数据使用情况;&&根据业务使用场景，需文旅局审核,开放条件,0.0
cat__开放条件_有较完善的数据安全保护体系；仅注明数据来源，定期抽查数据使用情况；可在自身业务范围内进行科学研究、咨询报告、业务支撑等场景，不得针对具体组织对外发布新闻等信息;&&经申报审批,开放条件,0.0
cat__开放条件_有较完善的数据安全保护体系；仅注明数据来源，定期抽查数据使用情况；可在自身业务范围内进行科学研究、咨询报告、业务支撑等场景，不得针对具体组织对外发布新闻等信息;有基础的数据安全保护能力；可在自身业务范围内进行科学研究、咨询报告、业务支撑等场景；注明数据来源，定期抽查数据使用情况;&&根据业务使用场景，需文旅局审核。,开放条件,0.0
cat__开放条件_有较完善的数据安全保护体系；仅注明数据来源，定期抽查数据使用情况；可在自身业务范围内进行科学研究、咨询报告、业务支撑等场景，不得针对具体组织对外发布新闻等信息;有基础的数据安全保护能力；可在自身业务范围内进行科学研究、咨询报告、业务支撑等场景；注明数据来源，定期抽查数据使用情况;&&根据申请有条件开放,开放条件,0.0
cat__开放条件_有较完善的数据安全保护体系；仅注明数据来源，定期抽查数据使用情况；可在自身业务范围内进行科学研究、咨询报告、业务支撑等场景，不得针对具体组织对外发布新闻等信息;有基础的数据安全保护能力；可在自身业务范围内进行科学研究、咨询报告、业务支撑等场景；注明数据来源，定期抽查数据使用情况;&&根据需求申请开放,开放条件,0.0
cat__开放条件_有较完善的数据安全保护体系；仅注明数据来源，定期抽查数据使用情况；可在自身业务范围内进行科学研究、咨询报告、业务支撑等场景，不得针对具体组织对外发布新闻等信息;&&经业主方审批同意后开放,开放条件,0.0
cat__开放条件_有较完善的数据安全保护体系；仅注明数据来源，定期抽查数据使用情况；可在自身业务范围内进行科学研究、咨询报告、业务支撑等场景，不得针对具体组织对外发布新闻等信息;有基础的数据安全保护能力；可在自身业务范围内进行科学研究、咨询报告、业务支撑等场景；注明数据来源，定期抽查数据使用情况;&&根据需要提出开放需求，主管部门审核通过,开放条件,0.0
cat__开放条件_有较完善的数据安全保护体系；仅注明数据来源，定期抽查数据使用情况；可在自身业务范围内进行科学研究、咨询报告、业务支撑等场景，不得针对具体组织对外发布新闻等信息;有基础的数据安全保护能力；可在自身业务范围内进行科学研究、咨询报告、业务支撑等场景；注明数据来源，定期抽查数据使用情况;&&满足开放条件即可开放,开放条件,0.0
cat__开放条件_有较完善的数据安全保护体系；仅注明数据来源，定期抽查数据使用情况；可在自身业务范围内进行科学研究、咨询报告、业务支撑等场景，不得针对具体组织对外发布新闻等信息;&&部门同意,开放条件,0.0
cat__开放条件_有较完善的数据安全保护体系；仅注明数据来源，定期抽查数据使用情况；可在自身业务范围内进行科学研究、咨询报告、业务支撑等场景，不得针对具体组织对外发布新闻等信息;有基础的数据安全保护能力；可在自身业务范围内进行科学研究、咨询报告、业务支撑等场景；注明数据来源，定期抽查数据使用情况;&&仅供科学研究应用场景,开放条件,0.0
cat__开放条件_有较完善的数据安全保护体系；仅注明数据来源，定期抽查数据使用情况；可在自身业务范围内进行科学研究、咨询报告、业务支撑等场景，不得针对具体组织对外发布新闻等信息;有基础的数据安全保护能力；可在自身业务范围内进行科学研究、咨询报告、业务支撑等场景；注明数据来源，定期抽查数据使用情况;&&审核开放,开放条件,0.0
cat__开放条件_有较完善的数据安全保护体系；仅注明数据来源，定期抽查数据使用情况；可在自身业务范围内进行科学研究、咨询报告、业务支撑等场景，不得针对具体组织对外发布新闻等信息;有基础的数据安全保护能力；可在自身业务范围内进行科学研究、咨询报告、业务支撑等场景；注明数据来源，定期抽查数据使用情况;&&仅供申请企业查询自身办理情况，开放字段：事项名称、行政相对人名称、许可机构、许可决定书文号、许可决定日期。,开放条件,0.0
cat__开放条件_有较完善的数据安全保护体系；仅注明数据来源，定期抽查数据使用情况；可在自身业务范围内进行科学研究、咨询报告、业务支撑等场景，不得针对具体组织对外发布新闻等信息;有基础的数据安全保护能力；可在自身业务范围内进行科学研究、咨询报告、业务支撑等场景；注明数据来源，定期抽查数据使用情况;&&对科学研究、咨询报告、业务支撑等开放,开放条件,0.0
cat__开放条件_有较完善的数据安全保护体系；仅注明数据来源，定期抽查数据使用情况；可在自身业务范围内进行科学研究、咨询报告、业务支撑等场景，不得针对具体组织对外发布新闻等信息;有基础的数据安全保护能力；可在自身业务范围内进行科学研究、咨询报告、业务支撑等场景；注明数据来源，定期抽查数据使用情况;&&仅供申请企业查询自身办理情况,开放条件,0.0
cat__开放条件_有较完善的数据安全保护体系；仅注明数据来源，定期抽查数据使用情况；可在自身业务范围内进行科学研究、咨询报告、业务支撑等场景，不得针对具体组织对外发布新闻等信息;有基础的数据安全保护能力；可在自身业务范围内进行科学研究、咨询报告、业务支撑等场景；注明数据来源，定期抽查数据使用情况;&&市绿容局（行业管理部门）准许开放,开放条件,0.0
cat__开放条件_有较完善的数据安全保护体系；仅注明数据来源，定期抽查数据使用情况；可在自身业务范围内进行科学研究、咨询报告、业务支撑等场景，不得针对具体组织对外发布新闻等信息;有基础的数据安全保护能力；可在自身业务范围内进行科学研究、咨询报告、业务支撑等场景；注明数据来源，定期抽查数据使用情况;&&按需申请，审批通过后给予共享,开放条件,0.0
cat__开放条件_有较完善的数据安全保护体系；仅注明数据来源，定期抽查数据使用情况；可在自身业务范围内进行科学研究、咨询报告、业务支撑等场景，不得针对具体组织对外发布新闻等信息;有基础的数据安全保护能力；可在自身业务范围内进行科学研究、咨询报告、业务支撑等场景；注明数据来源，定期抽查数据使用情况;&&数据提供单位审批,开放条件,0.0
cat__开放条件_有较完善的数据安全保护体系；仅注明数据来源，定期抽查数据使用情况；可在自身业务范围内进行科学研究、咨询报告、业务支撑等场景，不得针对具体组织对外发布新闻等信息;有较完善的数据安全保护体系;仅可用于主管部门授权的场景;注明数据来源，实时日志反馈，定期提交利用报告；&&有安全资质的单位申请，经主管部门审核通过,开放条件,0.0
cat__开放条件_有较完善的数据安全保护体系；仅注明数据来源，定期抽查数据使用情况；可在自身业务范围内进行科学研究、咨询报告、业务支撑等场景，不得针对具体组织对外发布新闻等信息;有基础的数据安全保护能力；可在自身业务范围内进行科学研究、咨询报告、业务支撑等场景；注明数据来源，定期抽查数据使用情况;&&上海市生态环境局申请通过,开放条件,0.0
"cat__开放条件_有较完善的数据安全保护体系；仅注明数据来源，定期抽查数据使用情况；可在自身业务范围内进行科学研究、咨询报告、业务支撑等场景，不得针对具体组织对外发布新闻等信息;有基础的数据安全保护能力；可在自身业务范围内进行科学研究、咨询报告、业务支撑等场景；注明数据来源，定期抽查数据使用情况;&&
仅委办局间使用",开放条件,0.0
cat__开放条件_有较完善的数据安全保护体系；仅注明数据来源，定期抽查数据使用情况；可在自身业务范围内进行科学研究、咨询报告、业务支撑等场景，不得针对具体组织对外发布新闻等信息;有基础的数据安全保护能力；可在自身业务范围内进行科学研究、咨询报告、业务支撑等场景；注明数据来源，定期抽查数据使用情况;&&有基础的数据安全保护能力;不得用于挖掘个人敏感信息；注明数据来源，定期抽查数据使用情况;有基础的数据安全保护能力;不得用于挖掘个人敏感信息；注明数据来源，定期抽查数据使用情况;,开放条件,0.0
cat__开放条件_有较完善的数据安全保护体系；仅注明数据来源，定期抽查数据使用情况；可在自身业务范围内进行科学研究、咨询报告、业务支撑等场景，不得针对具体组织对外发布新闻等信息;&&面向社会开放，使用方需根据实际需要提出申请,开放条件,0.0
cat__开放条件_有较完善的数据安全保护体系；仅注明数据来源，定期抽查数据使用情况；可在自身业务范围内进行科学研究、咨询报告、业务支撑等场景，不得针对具体组织对外发布新闻等信息;有基础的数据安全保护能力；可在自身业务范围内进行科学研究、咨询报告、业务支撑等场景；注明数据来源，定期抽查数据使用情况;&&有基础的数据安全保护能力;不得用于挖掘个人敏感信息；注明数据来源，定期抽查数据使用情况;需要奉贤区大数据中心同意。,开放条件,0.0
cat__开放条件_有较完善的数据安全保护体系；仅注明数据来源，定期抽查数据使用情况；可在自身业务范围内进行科学研究、咨询报告、业务支撑等场景，不得针对具体组织对外发布新闻等信息;有基础的数据安全保护能力；可在自身业务范围内进行科学研究、咨询报告、业务支撑等场景；注明数据来源，定期抽查数据使用情况;&&有基础的数据安全保护能力，可在自身业务范围内进行科学研究、咨询报告、业务支撑等场景,开放条件,0.0
"cat__开放条件_有较完善的数据安全保护体系；仅注明数据来源，定期抽查数据使用情况；可在自身业务范围内进行科学研究、咨询报告、业务支撑等场景，不得针对具体组织对外发布新闻等信息;有基础的数据安全保护能力；可在自身业务范围内进行科学研究、咨询报告、业务支撑等场景；注明数据来源，定期抽查数据使用情况;&&有基础的数据安全保护能力，可开放给相关行业及高校进行科学研究、咨询报告、业务支撑等场景，不得针对具体组织对外发布新闻等信息,注明数据来源。",开放条件,0.0
cat__开放条件_有较完善的数据安全保护体系；仅注明数据来源，定期抽查数据使用情况；可在自身业务范围内进行科学研究、咨询报告、业务支撑等场景，不得针对具体组织对外发布新闻等信息;&&需得到部门同意,开放条件,0.0
cat__开放条件_有较完善的数据安全保护体系；仅注明数据来源，定期抽查数据使用情况；可在自身业务范围内进行科学研究、咨询报告、业务支撑等场景，不得针对具体组织对外发布新闻等信息;有基础的数据安全保护能力；可在自身业务范围内进行科学研究、咨询报告、业务支撑等场景；注明数据来源，定期抽查数据使用情况;&&业务单位提出申请，并列明具体数据用途，经审核后开放。,开放条件,0.0
cat__detail_time_scope_2005年-2019年,detail_time_scope,0.0
cat__detail_time_scope_2005年-2022年,detail_time_scope,0.0
cat__detail_time_scope_2006年-2010年,detail_time_scope,0.0
cat__detail_time_scope_2006年-2016年,detail_time_scope,0.0
cat__detail_time_scope_2006年-2019年,detail_time_scope,0.0
cat__detail_time_scope_2007年-2019年,detail_time_scope,0.0
cat__detail_time_scope_2008年-2012年,detail_time_scope,0.0
cat__detail_time_scope_2008年-2020年,detail_time_scope,0.0
cat__开放条件_有较完善的数据安全保护体系；仅注明数据来源，定期抽查数据使用情况；可在自身业务范围内进行科学研究、咨询报告、业务支撑等场景，不得针对具体组织对外发布新闻等信息;&&有条件共享,开放条件,0.0
cat__detail_time_scope_2009年-2020年,detail_time_scope,0.0
cat__detail_time_scope_2010年-2017年,detail_time_scope,0.0
cat__detail_time_scope_2010年-2018年,detail_time_scope,0.0
cat__detail_time_scope_2010年-2024年,detail_time_scope,0.0
cat__detail_time_scope_2011年-2012年,detail_time_scope,0.0
cat__detail_time_scope_2011年-2014年,detail_time_scope,0.0
cat__detail_time_scope_2011年-2021年,detail_time_scope,0.0
cat__detail_time_scope_2012年,detail_time_scope,0.0
cat__detail_time_scope_2012年-2014年,detail_time_scope,0.0
cat__detail_time_scope_2017年-2023年,detail_time_scope,0.0
cat__detail_time_scope_2018年-2024年,detail_time_scope,0.0
cat__detail_time_scope_2018年-2023年,detail_time_scope,0.0
cat__detail_time_scope_2018年-2022年,detail_time_scope,0.0
cat__detail_time_scope_2018年-2021年,detail_time_scope,0.0
cat__detail_time_scope_2018年-2020年,detail_time_scope,0.0
cat__detail_time_scope_2018年-2019年,detail_time_scope,0.0
cat__detail_time_scope_2018年,detail_time_scope,0.0
cat__detail_time_scope_1949年-2025年,detail_time_scope,0.0
cat__detail_time_scope_2005年,detail_time_scope,0.0
cat__detail_time_scope_1978年-2021年,detail_time_scope,0.0
cat__detail_time_scope_1980年-2025年,detail_time_scope,0.0
cat__detail_time_scope_1995年-2019年,detail_time_scope,0.0
cat__detail_time_scope_1995年-2022年,detail_time_scope,0.0
cat__detail_time_scope_1996年,detail_time_scope,0.0
cat__detail_time_scope_2001年-2010年,detail_time_scope,0.0
cat__detail_time_scope_2001年-2019年,detail_time_scope,0.0
cat__detail_time_scope_2002年,detail_time_scope,0.0
cat__detail_time_scope_2003年-2019年,detail_time_scope,0.0
cat__detail_time_scope_1978年-2020年,detail_time_scope,0.0
cat__detail_time_scope_2015年-2016年,detail_time_scope,0.0
cat__detail_time_scope_2017年-2020年,detail_time_scope,0.0
cat__detail_time_scope_2015年-2017年,detail_time_scope,0.0
cat__detail_time_scope_2015年-2020年,detail_time_scope,0.0
cat__detail_time_scope_2015年-2022年,detail_time_scope,0.0
cat__detail_time_scope_2015年-2023年,detail_time_scope,0.0
cat__detail_time_scope_2015年-2025年,detail_time_scope,0.0
cat__detail_time_scope_2016年,detail_time_scope,0.0
cat__detail_time_scope_2012年-2019年,detail_time_scope,0.0
cat__detail_time_scope_2016年-2017年,detail_time_scope,0.0
cat__detail_time_scope_2016年-2018年,detail_time_scope,0.0
cat__detail_time_scope_2016年-2020年,detail_time_scope,0.0
cat__detail_time_scope_2016年-2022年,detail_time_scope,0.0
cat__detail_time_scope_2016年-2023年,detail_time_scope,0.0
cat__detail_time_scope_2016年-2025年,detail_time_scope,0.0
cat__detail_time_scope_2017年-2019年,detail_time_scope,0.0
cat__detail_time_scope_2017年,detail_time_scope,0.0
cat__detail_time_scope_2017年-2018年,detail_time_scope,0.0
cat__detail_time_scope_2016年-2016年,detail_time_scope,0.0
cat__detail_time_scope_2012年-2024年,detail_time_scope,0.0
cat__detail_time_scope_2012年-2025年,detail_time_scope,0.0
cat__detail_time_scope_2013年,detail_time_scope,0.0
cat__detail_time_scope_2013年-2017年,detail_time_scope,0.0
cat__detail_time_scope_2013年-2019年,detail_time_scope,0.0
cat__detail_time_scope_2013年-2020年,detail_time_scope,0.0
cat__detail_time_scope_2013年-2024年,detail_time_scope,0.0
cat__detail_time_scope_2014年,detail_time_scope,0.0
cat__detail_time_scope_2015年-2015年,detail_time_scope,0.0
cat__detail_time_scope_2014年-2015年,detail_time_scope,0.0
cat__detail_time_scope_2014年-2017年,detail_time_scope,0.0
cat__detail_time_scope_2017年-2022年,detail_time_scope,0.0
cat__detail_time_scope_2014年-2018年,detail_time_scope,0.0
cat__detail_time_scope_2014年-2022年,detail_time_scope,0.0
cat__detail_time_scope_2014年-2023年,detail_time_scope,0.0
cat__detail_time_scope_2014年-2024年,detail_time_scope,0.0
cat__detail_time_scope_2014年-2025年,detail_time_scope,0.0
cat__detail_time_scope_2015年,detail_time_scope,0.0
cat__detail_time_scope_2014年-2014年,detail_time_scope,0.0
cat__开放条件_有较完善的数据安全保护体系；仅注明数据来源，实时日志反馈，定期提交利用报告；可在自身业务范围内进行科学研究、咨询报告、业务支撑等场景，不得对外提供查询服务;&&根据申请有条件开放,开放条件,0.0
cat__开放条件_有较完善的数据安全保护体系；仅注明数据来源，实时日志反馈，定期提交利用报告；可在自身业务范围内进行科学研究、咨询报告、业务支撑等场景，不得对外提供查询服务;&&申请人向瑞金二路街道申请，申请通过的可以开放,开放条件,0.0
cat__开放条件_有较完善的数据安全保护体系；仅注明数据来源，实时日志反馈，定期提交利用报告；可在自身业务范围内进行科学研究、咨询报告、业务支撑等场景，不得对外提供查询服务;&&申请通过即可开放,开放条件,0.0
cat__开放条件_有较完善的数据安全保护体系；仅注明数据来源，实时日志反馈，定期提交利用报告；可在自身业务范围内进行科学研究、咨询报告、业务支撑等场景，不得对外提供查询服务;&&需向部门申请,开放条件,0.0
cat__开放条件_有较完善的数据安全保护体系；仅注明数据来源，实时日志反馈，定期提交利用报告；可在自身业务范围内进行科学研究、咨询报告、业务支撑等场景，不得对外提供查询服务;&&需审核后开放,开放条件,0.0
cat__开放条件_有较完善的数据安全保护体系；仅注明数据来源，实时日志反馈，定期提交利用报告；可在自身业务范围内进行科学研究、咨询报告、业务支撑等场景，不得对外提供查询服务;&&面向社会开放，使用方需根据实际需要提出申请,开放条件,0.0
cat__开放条件_有较完善的数据安全保护体系；仅注明数据来源，实时日志反馈，定期提交利用报告；可在自身业务范围内进行科学研究、咨询报告、业务支撑等场景，不得对外提供查询服务;有基础的数据安全保护能力；可在自身业务范围内进行科学研究、咨询报告、业务支撑等场景；注明数据来源，定期抽查数据使用情况;,开放条件,0.0
cat__开放条件_有较完善的数据安全保护体系；仅注明数据来源，实时日志反馈，定期提交利用报告；可在自身业务范围内进行科学研究、咨询报告、业务支撑等场景，不得对外提供查询服务;有基础的数据安全保护能力；可在自身业务范围内进行科学研究、咨询报告、业务支撑等场景；注明数据来源，定期抽查数据使用情况;&&仅委办局间使用,开放条件,0.0
cat__detail_time_scope_2019年,detail_time_scope,0.0
cat__开放条件_有较完善的数据安全保护体系；仅注明数据来源，实时日志反馈，定期提交利用报告；可在自身业务范围内进行科学研究、咨询报告、业务支撑等场景，不得对外提供查询服务;有较完善的数据安全保护体系；仅注明数据来源，定期抽查数据使用情况；可在自身业务范围内进行科学研究、咨询报告、业务支撑等场景，不得针对具体组织对外发布新闻等信息;,开放条件,0.0
cat__开放条件_有较完善的数据安全保护体系；仅注明数据来源，实时日志反馈，定期提交利用报告；可在自身业务范围内进行科学研究、咨询报告、业务支撑等场景，不得对外提供查询服务;有较完善的数据安全保护体系；仅注明数据来源，定期抽查数据使用情况；可在自身业务范围内进行科学研究、咨询报告、业务支撑等场景，不得针对具体组织对外发布新闻等信息;&&依申请开放,开放条件,0.0
cat__开放条件_有较完善的数据安全保护体系；仅注明数据来源，实时日志反馈，定期提交利用报告；可在自身业务范围内进行科学研究、咨询报告、业务支撑等场景，不得对外提供查询服务;有较完善的数据安全保护体系；仅注明数据来源，定期抽查数据使用情况；可在自身业务范围内进行科学研究、咨询报告、业务支撑等场景，不得针对具体组织对外发布新闻等信息;&&根据业务需要提出需求,开放条件,0.0
cat__开放条件_有较完善的数据安全保护体系；仅注明数据来源，实时日志反馈，定期提交利用报告；可在自身业务范围内进行科学研究、咨询报告、业务支撑等场景，不得对外提供查询服务;有较完善的数据安全保护体系；仅注明数据来源，定期抽查数据使用情况；可在自身业务范围内进行科学研究、咨询报告、业务支撑等场景，不得针对具体组织对外发布新闻等信息;&&满足开放条件即可开放,开放条件,0.0
cat__开放条件_有较完善的数据安全保护体系；仅注明数据来源，实时日志反馈，定期提交利用报告；可在自身业务范围内进行科学研究、咨询报告、业务支撑等场景，不得对外提供查询服务;有较完善的数据安全保护体系；仅注明数据来源，定期抽查数据使用情况；可在自身业务范围内进行科学研究、咨询报告、业务支撑等场景，不得针对具体组织对外发布新闻等信息;&&申请通过即可开放,开放条件,0.0
cat__开放条件_有较完善的数据安全保护体系；仅注明数据来源，实时日志反馈，定期提交利用报告；可在自身业务范围内进行科学研究、咨询报告、业务支撑等场景，不得对外提供查询服务;有较完善的数据安全保护体系；仅注明数据来源，定期抽查数据使用情况；可在自身业务范围内进行科学研究、咨询报告、业务支撑等场景，不得针对具体组织对外发布新闻等信息;&&面向社会开放，使用方需根据实际需要提出申请,开放条件,0.0
cat__开放条件_有较完善的数据安全保护体系；仅注明数据来源，实时日志反馈，定期提交利用报告；可在自身业务范围内进行科学研究、咨询报告、业务支撑等场景，不得对外提供查询服务;有较完善的数据安全保护体系；仅注明数据来源，定期抽查数据使用情况；可在自身业务范围内进行科学研究、咨询报告、业务支撑等场景，不得针对具体组织对外发布新闻等信息;有基础的数据安全保护能力；可在自身业务范围内进行科学研究、咨询报告、业务支撑等场景；注明数据来源，定期抽查数据使用情况;&&仅供上海市科技型中小企业技术创新资金立项项目管理使用,开放条件,0.0
cat__开放条件_有较完善的数据安全保护体系；仅注明数据来源，实时日志反馈，定期提交利用报告；可在自身业务范围内进行科学研究、咨询报告、业务支撑等场景，不得对外提供查询服务;有较完善的数据安全保护体系；仅注明数据来源，定期抽查数据使用情况；可在自身业务范围内进行科学研究、咨询报告、业务支撑等场景，不得针对具体组织对外发布新闻等信息;有基础的数据安全保护能力；可在自身业务范围内进行科学研究、咨询报告、业务支撑等场景；注明数据来源，定期抽查数据使用情况;&&仅对境内企业开放。申请该数据，请提供申请人姓名、工作(学习)单位、联系电话，并且说明数据用途和使用场景。,开放条件,0.0
cat__开放条件_有较完善的数据安全保护体系；仅注明数据来源，实时日志反馈，定期提交利用报告；可在自身业务范围内进行科学研究、咨询报告、业务支撑等场景，不得对外提供查询服务;有较完善的数据安全保护体系；仅注明数据来源，定期抽查数据使用情况；可在自身业务范围内进行科学研究、咨询报告、业务支撑等场景，不得针对具体组织对外发布新闻等信息;有基础的数据安全保护能力；可在自身业务范围内进行科学研究、咨询报告、业务支撑等场景；注明数据来源，定期抽查数据使用情况;&&依主管部门审核后开放,开放条件,0.0
cat__开放条件_有较完善的数据安全保护体系；仅注明数据来源，实时日志反馈，定期提交利用报告；可在自身业务范围内进行科学研究、咨询报告、业务支撑等场景，不得对外提供查询服务;有基础的数据安全保护能力；可在自身业务范围内进行科学研究、咨询报告、业务支撑等场景；注明数据来源，定期抽查数据使用情况;&&提出申请,开放条件,0.0
cat__开放条件_有较完善的数据安全保护体系；仅注明数据来源，定期抽查数据使用情况；可在自身业务范围内进行科学研究、咨询报告、业务支撑等场景，不得针对具体组织对外发布新闻等信息;有较完善的数据安全保护体系;仅可用于主管部门授权的场景;注明数据来源，实时日志反馈，定期提交利用报告；&&有条件开放,开放条件,0.0
cat__开放条件_有较完善的数据安全保护体系；仅注明数据来源，定期抽查数据使用情况；可在自身业务范围内进行科学研究、咨询报告、业务支撑等场景，不得针对具体组织对外发布新闻等信息;有较完善的数据安全保护体系;仅可用于主管部门授权的场景;注明数据来源，实时日志反馈，定期提交利用报告；&&有较完善的数据安全保护体系；仅注明数据来源，定期抽查数据使用情况；可在自身业务范围内进行科学研究、咨询报告、业务支撑等场景，不得针对具体组织对外发布新闻等信息;有较完善的数据安全保护体系;仅可用于主管部门授权的场景;注明数据来源，实时日志反馈，定期提交利用报告；,开放条件,0.0
cat__开放条件_有较完善的数据安全保护体系；仅注明数据来源，定期抽查数据使用情况；可在自身业务范围内进行科学研究、咨询报告、业务支撑等场景，不得针对具体组织对外发布新闻等信息;有较完善的数据安全保护体系;仅可用于主管部门授权的场景;注明数据来源，实时日志反馈，定期提交利用报告；&&申请前先联系市场局， 大数据中心 蒋浩老师 电话：13061866988,开放条件,0.0
cat__开放条件_有较完善的数据安全保护体系；仅注明数据来源，定期抽查数据使用情况；可在自身业务范围内进行科学研究、咨询报告、业务支撑等场景，不得针对具体组织对外发布新闻等信息;有较完善的数据安全保护体系;仅可用于主管部门授权的场景;注明数据来源，实时日志反馈，定期提交利用报告；&&需向区市场局申请,开放条件,0.0
cat__开放条件_有较完善的数据安全保护体系；仅注明数据来源，定期抽查数据使用情况；可在自身业务范围内进行科学研究、咨询报告、业务支撑等场景，不得针对具体组织对外发布新闻等信息;有较完善的数据安全保护体系;仅可用于主管部门授权的场景;注明数据来源，实时日志反馈，定期提交利用报告；&&需审核后开放,开放条件,0.0
cat__开放条件_有较完善的数据安全保护体系；仅注明数据来源，定期抽查数据使用情况；可在自身业务范围内进行科学研究、咨询报告、业务支撑等场景，不得针对具体组织对外发布新闻等信息;有较完善的数据安全保护体系;仅可用于主管部门授权的场景;注明数据来源，实时日志反馈，定期提交利用报告；&&面向社会开放，使用方需根据实际需要提出申请,开放条件,0.0
cat__开放条件_有较完善的数据安全保护体系；仅注明数据来源，定期抽查数据使用情况；可在自身业务范围内进行科学研究、咨询报告、业务支撑等场景，不得针对具体组织对外发布新闻等信息;有较完善的数据安全保护体系;仅可用于主管部门授权的场景;注明数据来源，实时日志反馈，定期提交利用报告；&&面向社会开放，使用方需根据实际需要提出申请，与大数据中心申请开放清单。,开放条件,0.0
cat__开放条件_有较完善的数据安全保护体系；仅注明数据来源，实时日志反馈，定期提交利用报告；可在自身业务范围内进行科学研究、咨询报告、业务支撑等场景，不得对外提供查询服务;&&个人实名制注册后开放,开放条件,0.0
cat__开放条件_有较完善的数据安全保护体系；仅注明数据来源，实时日志反馈，定期提交利用报告；可在自身业务范围内进行科学研究、咨询报告、业务支撑等场景，不得对外提供查询服务;&&有较完善的数据安全保护体系;仅注明数据来源，实时日志反馈，定期提交利用报告;可在自身业务范围内进行科学研究、咨询报告、业务支撑等场景，不得对外提供查询服务;,开放条件,0.0
cat__开放条件_有较完善的数据安全保护体系；仅注明数据来源，实时日志反馈，定期提交利用报告；可在自身业务范围内进行科学研究、咨询报告、业务支撑等场景，不得对外提供查询服务;&&仅限老人个人申请开放,开放条件,0.0
cat__开放条件_有较完善的数据安全保护体系；仅注明数据来源，实时日志反馈，定期提交利用报告；可在自身业务范围内进行科学研究、咨询报告、业务支撑等场景，不得对外提供查询服务;&&依申请可开放,开放条件,0.0
cat__开放条件_有较完善的数据安全保护体系；仅注明数据来源，实时日志反馈，定期提交利用报告；可在自身业务范围内进行科学研究、咨询报告、业务支撑等场景，不得对外提供查询服务;&&依申请开放,开放条件,0.0
cat__开放条件_有较完善的数据安全保护体系；仅注明数据来源，实时日志反馈，定期提交利用报告；可在自身业务范围内进行科学研究、咨询报告、业务支撑等场景，不得对外提供查询服务;&&依申请通过即可开放,开放条件,0.0
cat__开放条件_有较完善的数据安全保护体系；仅注明数据来源，实时日志反馈，定期提交利用报告；可在自身业务范围内进行科学研究、咨询报告、业务支撑等场景，不得对外提供查询服务;&&审核后开放,开放条件,0.0
cat__开放条件_有较完善的数据安全保护体系；仅注明数据来源，实时日志反馈，定期提交利用报告；可在自身业务范围内进行科学研究、咨询报告、业务支撑等场景，不得对外提供查询服务;&&提出申请,开放条件,0.0
cat__开放条件_有较完善的数据安全保护体系；仅注明数据来源，实时日志反馈，定期提交利用报告；可在自身业务范围内进行科学研究、咨询报告、业务支撑等场景，不得对外提供查询服务;&&政府业务办理,开放条件,0.0
cat__开放条件_有较完善的数据安全保护体系；仅注明数据来源，实时日志反馈，定期提交利用报告；可在自身业务范围内进行科学研究、咨询报告、业务支撑等场景，不得对外提供查询服务;&&数据提供单位审批,开放条件,0.0
cat__开放条件_有较完善的数据安全保护体系；仅注明数据来源，实时日志反馈，定期提交利用报告；可在自身业务范围内进行科学研究、咨询报告、业务支撑等场景，不得对外提供查询服务;&&有条件开放,开放条件,0.0
cat__开放条件_有较完善的数据安全保护体系；仅注明数据来源，实时日志反馈，定期提交利用报告；可在自身业务范围内进行科学研究、咨询报告、业务支撑等场景，不得对外提供查询服务;&&仅对境内企业开放。申请该数据，请提供申请人姓名、工作(学习)单位、联系电话，并且说明数据用途和使用场景。,开放条件,0.0
cat__开放条件_默认条件&&,开放条件,0.0
cat__detail_time_scope_2022年-2026年,detail_time_scope,0.0
cat__数据资源类型_数据接口,数据资源类型,0.0
cat__数据资源状态_已发布,数据资源状态,0.0
cat__detail_time_scope_2022年-2023年,detail_time_scope,0.0
cat__更新频率_每半年,更新频率,0.0
cat__detail_time_scope_2022年,detail_time_scope,0.0
cat__更新频率_每周,更新频率,0.0
cat__开放条件_有较完善的数据安全保护体系；仅注明数据来源，实时日志反馈，定期提交利用报告；可在自身业务范围内进行科学研究、咨询报告、业务支撑等场景，不得对外提供查询服务;有较完善的数据安全保护体系；仅注明数据来源，定期抽查数据使用情况；可在自身业务范围内进行科学研究、咨询报告、业务支撑等场景，不得针对具体组织对外发布新闻等信息;有基础的数据安全保护能力；可在自身业务范围内进行科学研究、咨询报告、业务支撑等场景；注明数据来源，定期抽查数据使用情况;&&依申请,开放条件,0.0
cat__detail_time_scope_2020年-2022年,detail_time_scope,0.0
cat__开放属性_有条件开放,开放属性,0.0
cat__type_code_cp,type_code,0.0
cat__type_code_jk,type_code,0.0
cat__detail_time_scope_2020年-2020年,detail_time_scope,0.0
cat__spatial_admin_level_跨区域/国家级,spatial_admin_level,0.0
cat__detail_time_scope_2019年-2022年,detail_time_scope,0.0
cat__detail_time_scope_2019年-2021年,detail_time_scope,0.0
cat__detail_time_scope_2019年-2020年,detail_time_scope,0.0
cat__detail_time_scope_2021年-2023年,detail_time_scope,0.0
cat__开放条件_有较完善的数据安全保护体系；仅注明数据来源，实时日志反馈，定期提交利用报告；可在自身业务范围内进行科学研究、咨询报告、业务支撑等场景，不得对外提供查询服务;有较完善的数据安全保护体系；仅注明数据来源，定期抽查数据使用情况；可在自身业务范围内进行科学研究、咨询报告、业务支撑等场景，不得针对具体组织对外发布新闻等信息;有基础的数据安全保护能力；可在自身业务范围内进行科学研究、咨询报告、业务支撑等场景；注明数据来源，定期抽查数据使用情况;&&依申请开放,开放条件,0.0
cat__开放条件_有较完善的数据安全保护体系；仅注明数据来源，实时日志反馈，定期提交利用报告；可在自身业务范围内进行科学研究、咨询报告、业务支撑等场景，不得对外提供查询服务;有较完善的数据安全保护体系；仅注明数据来源，定期抽查数据使用情况；可在自身业务范围内进行科学研究、咨询报告、业务支撑等场景，不得针对具体组织对外发布新闻等信息;有基础的数据安全保护能力；可在自身业务范围内进行科学研究、咨询报告、业务支撑等场景；注明数据来源，定期抽查数据使用情况;&&依申请开放，成果需模糊敏感信息,开放条件,0.0
cat__开放条件_有较完善的数据安全保护体系；仅注明数据来源，实时日志反馈，定期提交利用报告；可在自身业务范围内进行科学研究、咨询报告、业务支撑等场景，不得对外提供查询服务;有较完善的数据安全保护体系；仅注明数据来源，定期抽查数据使用情况；可在自身业务范围内进行科学研究、咨询报告、业务支撑等场景，不得针对具体组织对外发布新闻等信息;有基础的数据安全保护能力；可在自身业务范围内进行科学研究、咨询报告、业务支撑等场景；注明数据来源，定期抽查数据使用情况;&&审核场景开放,开放条件,0.0
cat__开放条件_有较完善的数据安全保护体系；仅注明数据来源，实时日志反馈，定期提交利用报告；可在自身业务范围内进行科学研究、咨询报告、业务支撑等场景，不得对外提供查询服务;有较完善的数据安全保护体系；仅注明数据来源，定期抽查数据使用情况；可在自身业务范围内进行科学研究、咨询报告、业务支撑等场景，不得针对具体组织对外发布新闻等信息;有基础的数据安全保护能力；可在自身业务范围内进行科学研究、咨询报告、业务支撑等场景；注明数据来源，定期抽查数据使用情况;&&描述申请使用的业务范围，业务范围涉及信用业务方可申请,开放条件,0.0
cat__开放条件_有较完善的数据安全保护体系；仅注明数据来源，实时日志反馈，定期提交利用报告；可在自身业务范围内进行科学研究、咨询报告、业务支撑等场景，不得对外提供查询服务;有较完善的数据安全保护体系；仅注明数据来源，定期抽查数据使用情况；可在自身业务范围内进行科学研究、咨询报告、业务支撑等场景，不得针对具体组织对外发布新闻等信息;有基础的数据安全保护能力；可在自身业务范围内进行科学研究、咨询报告、业务支撑等场景；注明数据来源，定期抽查数据使用情况;&&有条件开放,开放条件,0.0
cat__开放条件_有较完善的数据安全保护体系；仅注明数据来源，实时日志反馈，定期提交利用报告；可在自身业务范围内进行科学研究、咨询报告、业务支撑等场景，不得对外提供查询服务;有较完善的数据安全保护体系；仅注明数据来源，定期抽查数据使用情况；可在自身业务范围内进行科学研究、咨询报告、业务支撑等场景，不得针对具体组织对外发布新闻等信息;有基础的数据安全保护能力；可在自身业务范围内进行科学研究、咨询报告、业务支撑等场景；注明数据来源，定期抽查数据使用情况;&&有较完善的数据安全保护体系；仅注明数据来源，定期抽查数据使用情况；可在自身业务范围内进行科学研究、咨询报告、业务支撑等场景，不得针对具体组织对外发布新闻等信息;有较完善的数据安全保护体系;仅可用于主管部门授权的场景;注明数据来源，实时日志反馈，定期提交利用报告；,开放条件,0.0
cat__开放条件_有较完善的数据安全保护体系；仅注明数据来源，实时日志反馈，定期提交利用报告；可在自身业务范围内进行科学研究、咨询报告、业务支撑等场景，不得对外提供查询服务;有较完善的数据安全保护体系；仅注明数据来源，定期抽查数据使用情况；可在自身业务范围内进行科学研究、咨询报告、业务支撑等场景，不得针对具体组织对外发布新闻等信息;有基础的数据安全保护能力；可在自身业务范围内进行科学研究、咨询报告、业务支撑等场景；注明数据来源，定期抽查数据使用情况;&&有较完善的数据安全保护体系；仅注明数据来源，实时日志反馈，定期提交利用报告；可在自身业务范围内进行科学研究、咨询报告、业务支撑等场景，不得对外提供查询服务;不得针对具体组织对外发布新闻等信息;,开放条件,0.0
cat__开放条件_有较完善的数据安全保护体系；仅注明数据来源，实时日志反馈，定期提交利用报告；可在自身业务范围内进行科学研究、咨询报告、业务支撑等场景，不得对外提供查询服务;有较完善的数据安全保护体系；仅注明数据来源，定期抽查数据使用情况；可在自身业务范围内进行科学研究、咨询报告、业务支撑等场景，不得针对具体组织对外发布新闻等信息;有基础的数据安全保护能力；可在自身业务范围内进行科学研究、咨询报告、业务支撑等场景；注明数据来源，定期抽查数据使用情况;&&满足开放条件即可开放,开放条件,0.0
cat__detail_time_scope_2022年-2030年,detail_time_scope,0.0
cat__开放条件_有较完善的数据安全保护体系；仅注明数据来源，实时日志反馈，定期提交利用报告；可在自身业务范围内进行科学研究、咨询报告、业务支撑等场景，不得对外提供查询服务;申请上海市公安局有条件开放数据需填写《上海市公安局数据开放申请信息表》，并按要求如实填写提交。申请信息表下载链接如下：https://data.sh.gov.cn/assets/data/上海市公安局数据开放申请信息表.pdf;&&,开放条件,0.0
cat__开放条件_有较完善的数据安全保护体系；仅注明数据来源，实时日志反馈，定期提交利用报告；可在自身业务范围内进行科学研究、咨询报告、业务支撑等场景，不得对外提供查询服务;有较完善的数据安全保护体系；仅注明数据来源，定期抽查数据使用情况；可在自身业务范围内进行科学研究、咨询报告、业务支撑等场景，不得针对具体组织对外发布新闻等信息;有基础的数据安全保护能力；可在自身业务范围内进行科学研究、咨询报告、业务支撑等场景；注明数据来源，定期抽查数据使用情况;&&面向社会开放，使用方需根据实际需要提出申请,开放条件,0.0
cat__开放条件_有较完善的数据安全保护体系；仅注明数据来源，实时日志反馈，定期提交利用报告；可在自身业务范围内进行科学研究、咨询报告、业务支撑等场景，不得对外提供查询服务;有较完善的数据安全保护体系；仅注明数据来源，定期抽查数据使用情况；可在自身业务范围内进行科学研究、咨询报告、业务支撑等场景，不得针对具体组织对外发布新闻等信息;有较完善的数据安全保护体系;仅可用于主管部门授权的场景;注明数据来源，实时日志反馈，定期提交利用报告；&&按申请场景开放,开放条件,0.0
cat__开放条件_有较完善的数据安全保护体系；仅注明数据来源，实时日志反馈，定期提交利用报告；可在自身业务范围内进行科学研究、咨询报告、业务支撑等场景，不得对外提供查询服务;有较完善的数据安全保护体系；仅注明数据来源，定期抽查数据使用情况；可在自身业务范围内进行科学研究、咨询报告、业务支撑等场景，不得针对具体组织对外发布新闻等信息;有较完善的数据安全保护体系;仅可用于主管部门授权的场景;注明数据来源，实时日志反馈，定期提交利用报告；&&数据提供对象仅限于按照法定职责开展业务必须获取公共机构节能数据的机构,开放条件,0.0
cat__开放条件_有较完善的数据安全保护体系；仅注明数据来源，实时日志反馈，定期提交利用报告；可在自身业务范围内进行科学研究、咨询报告、业务支撑等场景，不得对外提供查询服务;有较完善的数据安全保护体系；仅注明数据来源，定期抽查数据使用情况；可在自身业务范围内进行科学研究、咨询报告、业务支撑等场景，不得针对具体组织对外发布新闻等信息;有较完善的数据安全保护体系;仅可用于主管部门授权的场景;注明数据来源，实时日志反馈，定期提交利用报告；&&数据提供对象仅限于按照法定职责开展业务必须获取办公用房数据的机构,开放条件,0.0
cat__开放条件_有较完善的数据安全保护体系；仅注明数据来源，实时日志反馈，定期提交利用报告；可在自身业务范围内进行科学研究、咨询报告、业务支撑等场景，不得对外提供查询服务;有较完善的数据安全保护体系；仅注明数据来源，定期抽查数据使用情况；可在自身业务范围内进行科学研究、咨询报告、业务支撑等场景，不得针对具体组织对外发布新闻等信息;有较完善的数据安全保护体系;仅可用于主管部门授权的场景;注明数据来源，实时日志反馈，定期提交利用报告；&&数据提供对象仅限于按照法定职责开展业务必须获取车辆数据的机构,开放条件,0.0
cat__开放条件_有较完善的数据安全保护体系；仅注明数据来源，实时日志反馈，定期提交利用报告；可在自身业务范围内进行科学研究、咨询报告、业务支撑等场景，不得对外提供查询服务;有较完善的数据安全保护体系；仅注明数据来源，定期抽查数据使用情况；可在自身业务范围内进行科学研究、咨询报告、业务支撑等场景，不得针对具体组织对外发布新闻等信息;有较完善的数据安全保护体系;仅可用于主管部门授权的场景;注明数据来源，实时日志反馈，定期提交利用报告；&&有较完善的数据安全保护体系；仅注明数据来源，定期抽查数据使用情况；可在自身业务范围内进行科学研究、咨询报告、业务支撑等场景，不得针对具体组织对外发布新闻等信息;仅可用于主管部门授权的场景;注明数据来源，实时日志反馈，定期提交利用报告；,开放条件,0.0
cat__开放条件_有较完善的数据安全保护体系；仅注明数据来源，实时日志反馈，定期提交利用报告；可在自身业务范围内进行科学研究、咨询报告、业务支撑等场景，不得对外提供查询服务;有较完善的数据安全保护体系；仅注明数据来源，定期抽查数据使用情况；可在自身业务范围内进行科学研究、咨询报告、业务支撑等场景，不得针对具体组织对外发布新闻等信息;有较完善的数据安全保护体系;仅可用于主管部门授权的场景;注明数据来源，实时日志反馈，定期提交利用报告；&&确有需要，可以向区市场局申请,开放条件,0.0
cat__开放条件_有较完善的数据安全保护体系；仅注明数据来源，实时日志反馈，定期提交利用报告；可在自身业务范围内进行科学研究、咨询报告、业务支撑等场景，不得对外提供查询服务;有较完善的数据安全保护体系；仅注明数据来源，定期抽查数据使用情况；可在自身业务范围内进行科学研究、咨询报告、业务支撑等场景，不得针对具体组织对外发布新闻等信息;有较完善的数据安全保护体系;仅可用于主管部门授权的场景;注明数据来源，实时日志反馈，定期提交利用报告；&&请提供申请人姓名、工作（学习）单位、联系电话，并且说明数据用途和使用场景。,开放条件,0.0
cat__开放条件_有较完善的数据安全保护体系；仅注明数据来源，实时日志反馈，定期提交利用报告；可在自身业务范围内进行科学研究、咨询报告、业务支撑等场景，不得对外提供查询服务;有较完善的数据安全保护体系；仅注明数据来源，定期抽查数据使用情况；可在自身业务范围内进行科学研究、咨询报告、业务支撑等场景，不得针对具体组织对外发布新闻等信息;有较完善的数据安全保护体系;仅可用于主管部门授权的场景;注明数据来源，实时日志反馈，定期提交利用报告；&&需责任部门确认,开放条件,0.0
cat__开放条件_有较完善的数据安全保护体系；仅注明数据来源，实时日志反馈，定期提交利用报告；可在自身业务范围内进行科学研究、咨询报告、业务支撑等场景，不得对外提供查询服务;有较完善的数据安全保护体系；仅注明数据来源，定期抽查数据使用情况；可在自身业务范围内进行科学研究、咨询报告、业务支撑等场景，不得针对具体组织对外发布新闻等信息;有基础的数据安全保护能力；可在自身业务范围内进行科学研究、咨询报告、业务支撑等场景；注明数据来源，定期抽查数据使用情况;&&经与南东街道沟通同意后，可视情况进行数据开放,开放条件,0.0
cat__开放条件_有基础的数据安全保护能力;不得用于挖掘个人敏感信息；注明数据来源，定期抽查数据使用情况;有基础的数据安全保护能力；可在自身业务范围内进行科学研究、咨询报告、业务支撑等场景；注明数据来源，定期抽查数据使用情况;,开放条件,0.0
"cat__开放条件_有基础的数据安全保护能力;不得用于挖掘个人敏感信息；注明数据来源，定期抽查数据使用情况;有基础的数据安全保护能力；可在自身业务范围内进行科学研究、咨询报告、业务支撑等场景；注明数据来源，定期抽查数据使用情况;&&
仅委办局间使用",开放条件,0.0
cat__开放条件_有基础的数据安全保护能力;不得用于挖掘个人敏感信息；注明数据来源，定期抽查数据使用情况;有基础的数据安全保护能力；可在自身业务范围内进行科学研究、咨询报告、业务支撑等场景；注明数据来源，定期抽查数据使用情况;&&与数据提供方线下沟通应用需求后方可开放,开放条件,0.0
cat__开放条件_有基础的数据安全保护能力;不得用于挖掘个人敏感信息；注明数据来源，定期抽查数据使用情况;有基础的数据安全保护能力；可在自身业务范围内进行科学研究、咨询报告、业务支撑等场景；注明数据来源，定期抽查数据使用情况;&&个人实名制注册后开放,开放条件,0.0
cat__开放条件_有基础的数据安全保护能力;不得用于挖掘个人敏感信息；注明数据来源，定期抽查数据使用情况;有基础的数据安全保护能力；可在自身业务范围内进行科学研究、咨询报告、业务支撑等场景；注明数据来源，定期抽查数据使用情况;&&仅供“一网统管”相关业务条线数据赋能申请使用,开放条件,0.0
cat__开放条件_有基础的数据安全保护能力;不得用于挖掘个人敏感信息；注明数据来源，定期抽查数据使用情况;有基础的数据安全保护能力；可在自身业务范围内进行科学研究、咨询报告、业务支撑等场景；注明数据来源，定期抽查数据使用情况;&&仅委办局间使用,开放条件,0.0
cat__开放条件_有基础的数据安全保护能力;不得用于挖掘个人敏感信息；注明数据来源，定期抽查数据使用情况;有基础的数据安全保护能力；可在自身业务范围内进行科学研究、咨询报告、业务支撑等场景；注明数据来源，定期抽查数据使用情况;&&依申请,开放条件,0.0
cat__开放条件_有基础的数据安全保护能力;不得用于挖掘个人敏感信息；注明数据来源，定期抽查数据使用情况;有基础的数据安全保护能力；可在自身业务范围内进行科学研究、咨询报告、业务支撑等场景；注明数据来源，定期抽查数据使用情况;&&依申请公开,开放条件,0.0
cat__开放条件_有基础的数据安全保护能力;不得用于挖掘个人敏感信息；注明数据来源，定期抽查数据使用情况;有基础的数据安全保护能力；可在自身业务范围内进行科学研究、咨询报告、业务支撑等场景；注明数据来源，定期抽查数据使用情况;&&依申请开放,开放条件,0.0
cat__开放条件_有基础的数据安全保护能力;不得用于挖掘个人敏感信息；注明数据来源，定期抽查数据使用情况;有基础的数据安全保护能力；可在自身业务范围内进行科学研究、咨询报告、业务支撑等场景；注明数据来源，定期抽查数据使用情况;&&依申请开放，成果需模糊敏感信息,开放条件,0.0
cat__detail_time_scope_2025年-2029年,detail_time_scope,0.0
cat__开放条件_有基础的数据安全保护能力;不得用于挖掘个人敏感信息；注明数据来源，定期抽查数据使用情况;有基础的数据安全保护能力；可在自身业务范围内进行科学研究、咨询报告、业务支撑等场景；注明数据来源，定期抽查数据使用情况;&&开放需申请,开放条件,0.0
cat__开放条件_有基础的数据安全保护能力;不得用于挖掘个人敏感信息；注明数据来源，定期抽查数据使用情况;有基础的数据安全保护能力；可在自身业务范围内进行科学研究、咨询报告、业务支撑等场景；注明数据来源，定期抽查数据使用情况;&&提出申请,开放条件,0.0
cat__开放条件_有基础的数据安全保护能力;不得用于挖掘个人敏感信息；注明数据来源，定期抽查数据使用情况;有基础的数据安全保护能力；可在自身业务范围内进行科学研究、咨询报告、业务支撑等场景；注明数据来源，定期抽查数据使用情况;&&无条件开放,开放条件,0.0
cat__开放条件_有基础的数据安全保护能力;不得用于挖掘个人敏感信息；注明数据来源，定期抽查数据使用情况;有基础的数据安全保护能力；可在自身业务范围内进行科学研究、咨询报告、业务支撑等场景；注明数据来源，定期抽查数据使用情况;&&有安全资质的单位申请，经主管部门审核通过,开放条件,0.0
cat__开放条件_有基础的数据安全保护能力;不得用于挖掘个人敏感信息；注明数据来源，定期抽查数据使用情况;有基础的数据安全保护能力；可在自身业务范围内进行科学研究、咨询报告、业务支撑等场景；注明数据来源，定期抽查数据使用情况;&&有条件开放,开放条件,0.0
cat__开放条件_有基础的数据安全保护能力;不得用于挖掘个人敏感信息；注明数据来源，定期抽查数据使用情况;有基础的数据安全保护能力；可在自身业务范围内进行科学研究、咨询报告、业务支撑等场景；注明数据来源，定期抽查数据使用情况;&&根据业务使用场景，需文旅局审核。,开放条件,0.0
cat__开放条件_有基础的数据安全保护能力;不得用于挖掘个人敏感信息；注明数据来源，定期抽查数据使用情况;有基础的数据安全保护能力；可在自身业务范围内进行科学研究、咨询报告、业务支撑等场景；注明数据来源，定期抽查数据使用情况;&&根据申请有条件开放,开放条件,0.0
cat__开放条件_有基础的数据安全保护能力;不得用于挖掘个人敏感信息；注明数据来源，定期抽查数据使用情况;有基础的数据安全保护能力；可在自身业务范围内进行科学研究、咨询报告、业务支撑等场景；注明数据来源，定期抽查数据使用情况;&&申请使用的业务范围应包括与信用业务相关的各项服务,开放条件,0.0
cat__开放条件_有基础的数据安全保护能力;不得用于挖掘个人敏感信息；注明数据来源，定期抽查数据使用情况;有基础的数据安全保护能力；可在自身业务范围内进行科学研究、咨询报告、业务支撑等场景；注明数据来源，定期抽查数据使用情况;&&申请该数据，需要完整描述需求场景和用途,开放条件,0.0
cat__开放条件_有基础的数据安全保护能力;不得用于挖掘个人敏感信息；注明数据来源，定期抽查数据使用情况;有基础的数据安全保护能力；可在自身业务范围内进行科学研究、咨询报告、业务支撑等场景；注明数据来源，定期抽查数据使用情况;&&申请该数据，需要完整描述需求场景和用途 ,开放条件,0.0
cat__开放条件_有基础的数据安全保护能力;不得用于挖掘个人敏感信息；注明数据来源，定期抽查数据使用情况;有基础的数据安全保护能力；可在自身业务范围内进行科学研究、咨询报告、业务支撑等场景；注明数据来源，定期抽查数据使用情况;&&如有和文旅相关申请可开放,开放条件,0.0
cat__开放条件_有基础的数据安全保护能力;不得用于挖掘个人敏感信息；注明数据来源，定期抽查数据使用情况;&&数据提供单位审批,开放条件,0.0
cat__开放条件_有基础的数据安全保护能力;不得用于挖掘个人敏感信息；注明数据来源，定期抽查数据使用情况;&&无条件开放,开放条件,0.0
cat__开放条件_有基础的数据安全保护能力;不得用于挖掘个人敏感信息；注明数据来源，定期抽查数据使用情况;&&有基础的数据安全保护能力,开放条件,0.0
cat__开放条件_有基础的数据安全保护能力;不得用于挖掘个人敏感信息；注明数据来源，定期抽查数据使用情况;&&有基础的数据安全保护能力;不得用于挖掘个人敏感信息;注明数据来源，定期抽查数据使用情况;,开放条件,0.0
cat__开放条件_有基础的数据安全保护能力;不得用于挖掘个人敏感信息；注明数据来源，定期抽查数据使用情况;&&有基础的数据安全保护能力;不得用于挖掘个人敏感信息；注明数据来源，定期抽查数据使用情况;,开放条件,0.0
cat__开放条件_有基础的数据安全保护能力;不得用于挖掘个人敏感信息；注明数据来源，定期抽查数据使用情况;&&有安全资质的单位申请，经主管部门审核通过,开放条件,0.0
cat__开放条件_有基础的数据安全保护能力;不得用于挖掘个人敏感信息；注明数据来源，定期抽查数据使用情况;&&有条件开放,开放条件,0.0
cat__开放条件_有基础的数据安全保护能力;不得用于挖掘个人敏感信息；注明数据来源，定期抽查数据使用情况;&&有较完善的数据安全保护体系；仅注明数据来源，定期抽查数据使用情况；可在自身业务范围内进行科学研究、咨询报告、业务支撑等场景，不得针对具体组织对外发布新闻等信息;有较完善的数据安全保护体系;仅可用于主管部门授权的场景;注明数据来源，实时日志反馈，定期提交利用报告；,开放条件,0.0
cat__开放条件_有基础的数据安全保护能力;不得用于挖掘个人敏感信息；注明数据来源，定期抽查数据使用情况;&&根据业务需要提出共享需求,开放条件,0.0
cat__开放条件_有基础的数据安全保护能力;不得用于挖掘个人敏感信息；注明数据来源，定期抽查数据使用情况;&&根据申请有条件开放,开放条件,0.0
cat__开放条件_有基础的数据安全保护能力;不得用于挖掘个人敏感信息；注明数据来源，定期抽查数据使用情况;&&面向社会开放，使用方需根据实际需要提出申请,开放条件,0.0
cat__开放条件_有基础的数据安全保护能力;不得用于挖掘个人敏感信息；注明数据来源，定期抽查数据使用情况;&&系统数据可能涉及个人敏感数据,开放条件,0.0
cat__开放条件_有基础的数据安全保护能力;不得用于挖掘个人敏感信息；注明数据来源，定期抽查数据使用情况;&&该数据为历史归档静态数据,开放条件,0.0
cat__开放条件_有基础的数据安全保护能力;不得用于挖掘个人敏感信息；注明数据来源，定期抽查数据使用情况;&&请提供申请人姓名、工作（学习）单位、联系电话，并且说明数据用途和使用场景。,开放条件,0.0
cat__开放条件_有基础的数据安全保护能力;不得用于挖掘个人敏感信息；注明数据来源，定期抽查数据使用情况;&&责任方审批同意后开放,开放条件,0.0
cat__开放条件_有基础的数据安全保护能力;不得用于挖掘个人敏感信息；注明数据来源，定期抽查数据使用情况;&&部门同意,开放条件,0.0
cat__开放条件_有基础的数据安全保护能力;不得用于挖掘个人敏感信息；注明数据来源，定期抽查数据使用情况;&&部门审批,开放条件,0.0
cat__开放条件_有基础的数据安全保护能力;不得用于挖掘个人敏感信息；注明数据来源，定期抽查数据使用情况;&&部门审核,开放条件,0.0
cat__开放条件_有基础的数据安全保护能力;不得用于挖掘个人敏感信息；注明数据来源，定期抽查数据使用情况;&&需向区市场局申请,开放条件,0.0
cat__开放条件_有基础的数据安全保护能力;不得用于挖掘个人敏感信息；注明数据来源，定期抽查数据使用情况;&&需得到部门同意,开放条件,0.0
cat__开放条件_有基础的数据安全保护能力;不得用于挖掘个人敏感信息；注明数据来源，定期抽查数据使用情况;&&需申请,开放条件,0.0
cat__开放条件_有基础的数据安全保护能力;不得用于挖掘个人敏感信息；注明数据来源，定期抽查数据使用情况;&&需责任部门确认,开放条件,0.0
cat__开放条件_有基础的数据安全保护能力;不得用于挖掘个人敏感信息；注明数据来源，定期抽查数据使用情况;&&申请通过即可开放,开放条件,0.0
cat__开放条件_有基础的数据安全保护能力;不得用于挖掘个人敏感信息；注明数据来源，定期抽查数据使用情况;有较完善的数据安全保护体系；仅注明数据来源，定期抽查数据使用情况；可在自身业务范围内进行科学研究、咨询报告、业务支撑等场景，不得针对具体组织对外发布新闻等信息;有基础的数据安全保护能力；可在自身业务范围内进行科学研究、咨询报告、业务支撑等场景；注明数据来源，定期抽查数据使用情况;&&仅可用于科学研究应用场景,开放条件,0.0
cat__开放条件_有基础的数据安全保护能力;不得用于挖掘个人敏感信息；注明数据来源，定期抽查数据使用情况;有较完善的数据安全保护体系；仅注明数据来源，定期抽查数据使用情况；可在自身业务范围内进行科学研究、咨询报告、业务支撑等场景，不得针对具体组织对外发布新闻等信息;有基础的数据安全保护能力；可在自身业务范围内进行科学研究、咨询报告、业务支撑等场景；注明数据来源，定期抽查数据使用情况;&&仅委办局间使用,开放条件,0.0
cat__开放条件_有基础的数据安全保护能力;不得用于挖掘个人敏感信息；注明数据来源，定期抽查数据使用情况;有较完善的数据安全保护体系；仅注明数据来源，定期抽查数据使用情况；可在自身业务范围内进行科学研究、咨询报告、业务支撑等场景，不得针对具体组织对外发布新闻等信息;有基础的数据安全保护能力；可在自身业务范围内进行科学研究、咨询报告、业务支撑等场景；注明数据来源，定期抽查数据使用情况;&&依申请,开放条件,0.0
cat__开放条件_有基础的数据安全保护能力;不得用于挖掘个人敏感信息；注明数据来源，定期抽查数据使用情况;有较完善的数据安全保护体系；仅注明数据来源，定期抽查数据使用情况；可在自身业务范围内进行科学研究、咨询报告、业务支撑等场景，不得针对具体组织对外发布新闻等信息;有基础的数据安全保护能力；可在自身业务范围内进行科学研究、咨询报告、业务支撑等场景；注明数据来源，定期抽查数据使用情况;&&依申请开放,开放条件,0.0
cat__开放条件_有基础的数据安全保护能力;不得用于挖掘个人敏感信息；注明数据来源，定期抽查数据使用情况;有较完善的数据安全保护体系；仅注明数据来源，定期抽查数据使用情况；可在自身业务范围内进行科学研究、咨询报告、业务支撑等场景，不得针对具体组织对外发布新闻等信息;有基础的数据安全保护能力；可在自身业务范围内进行科学研究、咨询报告、业务支撑等场景；注明数据来源，定期抽查数据使用情况;&&依申请开放清单,开放条件,0.0
cat__开放条件_有基础的数据安全保护能力;不得用于挖掘个人敏感信息；注明数据来源，定期抽查数据使用情况;有较完善的数据安全保护体系；仅注明数据来源，定期抽查数据使用情况；可在自身业务范围内进行科学研究、咨询报告、业务支撑等场景，不得针对具体组织对外发布新闻等信息;有基础的数据安全保护能力；可在自身业务范围内进行科学研究、咨询报告、业务支撑等场景；注明数据来源，定期抽查数据使用情况;&&内部数据，依申请开放,开放条件,0.0
cat__开放条件_有基础的数据安全保护能力;不得用于挖掘个人敏感信息；注明数据来源，定期抽查数据使用情况;有较完善的数据安全保护体系；仅注明数据来源，定期抽查数据使用情况；可在自身业务范围内进行科学研究、咨询报告、业务支撑等场景，不得针对具体组织对外发布新闻等信息;有基础的数据安全保护能力；可在自身业务范围内进行科学研究、咨询报告、业务支撑等场景；注明数据来源，定期抽查数据使用情况;&&向业务部门申请,开放条件,0.0
cat__开放条件_有基础的数据安全保护能力;不得用于挖掘个人敏感信息；注明数据来源，定期抽查数据使用情况;有较完善的数据安全保护体系；仅注明数据来源，定期抽查数据使用情况；可在自身业务范围内进行科学研究、咨询报告、业务支撑等场景，不得针对具体组织对外发布新闻等信息;有基础的数据安全保护能力；可在自身业务范围内进行科学研究、咨询报告、业务支撑等场景；注明数据来源，定期抽查数据使用情况;&&向大数据中心申请后使用,开放条件,0.0
cat__开放条件_有基础的数据安全保护能力;不得用于挖掘个人敏感信息；注明数据来源，定期抽查数据使用情况;有较完善的数据安全保护体系；仅注明数据来源，定期抽查数据使用情况；可在自身业务范围内进行科学研究、咨询报告、业务支撑等场景，不得针对具体组织对外发布新闻等信息;有基础的数据安全保护能力；可在自身业务范围内进行科学研究、咨询报告、业务支撑等场景；注明数据来源，定期抽查数据使用情况;&&如有与文旅相关申请可开放,开放条件,0.0
cat__开放条件_有基础的数据安全保护能力;不得用于挖掘个人敏感信息；注明数据来源，定期抽查数据使用情况;有较完善的数据安全保护体系；仅注明数据来源，定期抽查数据使用情况；可在自身业务范围内进行科学研究、咨询报告、业务支撑等场景，不得针对具体组织对外发布新闻等信息;有基础的数据安全保护能力；可在自身业务范围内进行科学研究、咨询报告、业务支撑等场景；注明数据来源，定期抽查数据使用情况;&&如有文旅相关需求可开放,开放条件,0.0
cat__开放条件_有基础的数据安全保护能力;不得用于挖掘个人敏感信息；注明数据来源，定期抽查数据使用情况;有基础的数据安全保护能力；可在自身业务范围内进行科学研究、咨询报告、业务支撑等场景；注明数据来源，定期抽查数据使用情况;&&经与南东街道沟通同意后，可视情况进行数据开放,开放条件,0.0
cat__开放条件_有基础的数据安全保护能力;不得用于挖掘个人敏感信息；注明数据来源，定期抽查数据使用情况;有较完善的数据安全保护体系；仅注明数据来源，定期抽查数据使用情况；可在自身业务范围内进行科学研究、咨询报告、业务支撑等场景，不得针对具体组织对外发布新闻等信息;有基础的数据安全保护能力；可在自身业务范围内进行科学研究、咨询报告、业务支撑等场景；注明数据来源，定期抽查数据使用情况;&&审核场景开放,开放条件,0.0
cat__开放条件_有基础的数据安全保护能力;不得用于挖掘个人敏感信息；注明数据来源，定期抽查数据使用情况;有较完善的数据安全保护体系；仅注明数据来源，定期抽查数据使用情况；可在自身业务范围内进行科学研究、咨询报告、业务支撑等场景，不得针对具体组织对外发布新闻等信息;有基础的数据安全保护能力；可在自身业务范围内进行科学研究、咨询报告、业务支撑等场景；注明数据来源，定期抽查数据使用情况;&&审核开放,开放条件,0.0
cat__开放条件_有基础的数据安全保护能力;不得用于挖掘个人敏感信息；注明数据来源，定期抽查数据使用情况;有较完善的数据安全保护体系；仅注明数据来源，定期抽查数据使用情况；可在自身业务范围内进行科学研究、咨询报告、业务支撑等场景，不得针对具体组织对外发布新闻等信息;有基础的数据安全保护能力；可在自身业务范围内进行科学研究、咨询报告、业务支撑等场景；注明数据来源，定期抽查数据使用情况;&&市绿容局（行业管理部门）准许开放,开放条件,0.0
cat__开放条件_有基础的数据安全保护能力;不得用于挖掘个人敏感信息；注明数据来源，定期抽查数据使用情况;有较完善的数据安全保护体系；仅注明数据来源，定期抽查数据使用情况；可在自身业务范围内进行科学研究、咨询报告、业务支撑等场景，不得针对具体组织对外发布新闻等信息;有基础的数据安全保护能力；可在自身业务范围内进行科学研究、咨询报告、业务支撑等场景；注明数据来源，定期抽查数据使用情况;&&按照业务实际需求情况，有条件开发,开放条件,0.0
cat__开放条件_有基础的数据安全保护能力;不得用于挖掘个人敏感信息；注明数据来源，定期抽查数据使用情况;有较完善的数据安全保护体系；仅注明数据来源，定期抽查数据使用情况；可在自身业务范围内进行科学研究、咨询报告、业务支撑等场景，不得针对具体组织对外发布新闻等信息;有基础的数据安全保护能力；可在自身业务范围内进行科学研究、咨询报告、业务支撑等场景；注明数据来源，定期抽查数据使用情况;&&无,开放条件,0.0
"cat__开放条件_有基础的数据安全保护能力;不得用于挖掘个人敏感信息；注明数据来源，定期抽查数据使用情况;有较完善的数据安全保护体系；仅注明数据来源，定期抽查数据使用情况；可在自身业务范围内进行科学研究、咨询报告、业务支撑等场景，不得针对具体组织对外发布新闻等信息;有基础的数据安全保护能力；可在自身业务范围内进行科学研究、咨询报告、业务支撑等场景；注明数据来源，定期抽查数据使用情况;&&有基础的数据安全保护能力，可开放给相关行业及高校进行科学研究、咨询报告、业务支撑等场景，不得针对具体组织对外发布新闻等信息,注明数据来源。",开放条件,0.0
cat__开放条件_有基础的数据安全保护能力;不得用于挖掘个人敏感信息；注明数据来源，定期抽查数据使用情况;有较完善的数据安全保护体系；仅注明数据来源，定期抽查数据使用情况；可在自身业务范围内进行科学研究、咨询报告、业务支撑等场景，不得针对具体组织对外发布新闻等信息;有基础的数据安全保护能力；可在自身业务范围内进行科学研究、咨询报告、业务支撑等场景；注明数据来源，定期抽查数据使用情况;&&有条件开放,开放条件,0.0
cat__开放条件_有基础的数据安全保护能力;不得用于挖掘个人敏感信息；注明数据来源，定期抽查数据使用情况;有较完善的数据安全保护体系；仅注明数据来源，定期抽查数据使用情况；可在自身业务范围内进行科学研究、咨询报告、业务支撑等场景，不得针对具体组织对外发布新闻等信息;有基础的数据安全保护能力；可在自身业务范围内进行科学研究、咨询报告、业务支撑等场景；注明数据来源，定期抽查数据使用情况;&&有较完善的数据安全保护体系；仅注明数据来源，定期抽查数据使用情况；可在自身业务范围内进行科学研究、咨询报告、业务支撑等场景，不得针对具体组织对外发布新闻等信息;有较完善的数据安全保护体系;仅可用于主管部门授权的场景;注明数据来源，实时日志反馈，定期提交利用报告；,开放条件,0.0
cat__开放条件_有基础的数据安全保护能力;不得用于挖掘个人敏感信息；注明数据来源，定期抽查数据使用情况;有较完善的数据安全保护体系；仅注明数据来源，定期抽查数据使用情况；可在自身业务范围内进行科学研究、咨询报告、业务支撑等场景，不得针对具体组织对外发布新闻等信息;有基础的数据安全保护能力；可在自身业务范围内进行科学研究、咨询报告、业务支撑等场景；注明数据来源，定期抽查数据使用情况;&&根据2025年《市场监督管理信用修复管理办法》以及《市场监督管理行政处罚信息公示规定》相关数据正在调整，暂不予共享开放。,开放条件,0.0
cat__开放条件_有基础的数据安全保护能力;不得用于挖掘个人敏感信息；注明数据来源，定期抽查数据使用情况;有较完善的数据安全保护体系；仅注明数据来源，定期抽查数据使用情况；可在自身业务范围内进行科学研究、咨询报告、业务支撑等场景，不得针对具体组织对外发布新闻等信息;有基础的数据安全保护能力；可在自身业务范围内进行科学研究、咨询报告、业务支撑等场景；注明数据来源，定期抽查数据使用情况;&&根据数据申请需求决定是否公开,开放条件,0.0
cat__开放条件_有基础的数据安全保护能力;不得用于挖掘个人敏感信息；注明数据来源，定期抽查数据使用情况;有较完善的数据安全保护体系；仅注明数据来源，定期抽查数据使用情况；可在自身业务范围内进行科学研究、咨询报告、业务支撑等场景，不得针对具体组织对外发布新闻等信息;有基础的数据安全保护能力；可在自身业务范围内进行科学研究、咨询报告、业务支撑等场景；注明数据来源，定期抽查数据使用情况;&&定向开放。需完成企业认证。需提供安全保障方案。需提供系统对接方案。,开放条件,0.0
cat__开放条件_有基础的数据安全保护能力;不得用于挖掘个人敏感信息；注明数据来源，定期抽查数据使用情况;有基础的数据安全保护能力；可在自身业务范围内进行科学研究、咨询报告、业务支撑等场景；注明数据来源，定期抽查数据使用情况;&&需要向区城管执法局或大数据中心申请,开放条件,0.0
cat__开放条件_有基础的数据安全保护能力;不得用于挖掘个人敏感信息；注明数据来源，定期抽查数据使用情况;有基础的数据安全保护能力；可在自身业务范围内进行科学研究、咨询报告、业务支撑等场景；注明数据来源，定期抽查数据使用情况;&&面向社会开放，使用方需根据实际需要提出申请,开放条件,0.0
cat__开放条件_有基础的数据安全保护能力;不得用于挖掘个人敏感信息；注明数据来源，定期抽查数据使用情况;有较完善的数据安全保护体系;仅可用于主管部门授权的场景;注明数据来源，实时日志反馈，定期提交利用报告；,开放条件,0.0
cat__开放条件_有基础的数据安全保护能力;不得用于挖掘个人敏感信息；注明数据来源，定期抽查数据使用情况;有较完善的数据安全保护体系;仅可用于主管部门授权的场景;注明数据来源，实时日志反馈，定期提交利用报告；&&仅委办局间使用,开放条件,0.0
cat__开放条件_有基础的数据安全保护能力;不得用于挖掘个人敏感信息；注明数据来源，定期抽查数据使用情况;有较完善的数据安全保护体系;仅可用于主管部门授权的场景;注明数据来源，实时日志反馈，定期提交利用报告；&&针对黄浦区城市建设成果应用的业务场景开放,开放条件,0.0
cat__开放条件_有基础的数据安全保护能力;不得用于挖掘个人敏感信息；注明数据来源，定期抽查数据使用情况;有较完善的数据安全保护体系；仅注明数据来源，定期抽查数据使用情况；可在自身业务范围内进行科学研究、咨询报告、业务支撑等场景，不得针对具体组织对外发布新闻等信息;&&业务单位提出申请，并列明具体数据用途，经审核后开放。,开放条件,0.0
cat__开放条件_有基础的数据安全保护能力;不得用于挖掘个人敏感信息；注明数据来源，定期抽查数据使用情况;有较完善的数据安全保护体系；仅注明数据来源，定期抽查数据使用情况；可在自身业务范围内进行科学研究、咨询报告、业务支撑等场景，不得针对具体组织对外发布新闻等信息;&&仅委办局间使用,开放条件,0.0
cat__开放条件_有基础的数据安全保护能力;不得用于挖掘个人敏感信息；注明数据来源，定期抽查数据使用情况;有较完善的数据安全保护体系；仅注明数据来源，定期抽查数据使用情况；可在自身业务范围内进行科学研究、咨询报告、业务支撑等场景，不得针对具体组织对外发布新闻等信息;&&依申请,开放条件,0.0
cat__开放条件_有基础的数据安全保护能力;不得用于挖掘个人敏感信息；注明数据来源，定期抽查数据使用情况;有较完善的数据安全保护体系；仅注明数据来源，定期抽查数据使用情况；可在自身业务范围内进行科学研究、咨询报告、业务支撑等场景，不得针对具体组织对外发布新闻等信息;&&依申请公开,开放条件,0.0
"cat__开放条件_有基础的数据安全保护能力;不得用于挖掘个人敏感信息；注明数据来源，定期抽查数据使用情况;有较完善的数据安全保护体系；仅注明数据来源，定期抽查数据使用情况；可在自身业务范围内进行科学研究、咨询报告、业务支撑等场景，不得针对具体组织对外发布新闻等信息;&&依申请开放，仅供企业或社会团体提供数据依据
",开放条件,0.0
cat__开放条件_有基础的数据安全保护能力;不得用于挖掘个人敏感信息；注明数据来源，定期抽查数据使用情况;有较完善的数据安全保护体系；仅注明数据来源，定期抽查数据使用情况；可在自身业务范围内进行科学研究、咨询报告、业务支撑等场景，不得针对具体组织对外发布新闻等信息;有基础的数据安全保护能力；可在自身业务范围内进行科学研究、咨询报告、业务支撑等场景；注明数据来源，定期抽查数据使用情况;&&个人实名制注册后开放,开放条件,0.0
cat__开放条件_有基础的数据安全保护能力;不得用于挖掘个人敏感信息；注明数据来源，定期抽查数据使用情况;有较完善的数据安全保护体系；仅注明数据来源，定期抽查数据使用情况；可在自身业务范围内进行科学研究、咨询报告、业务支撑等场景，不得针对具体组织对外发布新闻等信息;&&向大数据中心申请后使用,开放条件,0.0
cat__开放条件_有基础的数据安全保护能力;不得用于挖掘个人敏感信息；注明数据来源，定期抽查数据使用情况;有较完善的数据安全保护体系；仅注明数据来源，定期抽查数据使用情况；可在自身业务范围内进行科学研究、咨询报告、业务支撑等场景，不得针对具体组织对外发布新闻等信息;&&如有和文旅相关申请可共享,开放条件,0.0
cat__开放条件_有基础的数据安全保护能力;不得用于挖掘个人敏感信息；注明数据来源，定期抽查数据使用情况;有较完善的数据安全保护体系；仅注明数据来源，定期抽查数据使用情况；可在自身业务范围内进行科学研究、咨询报告、业务支撑等场景，不得针对具体组织对外发布新闻等信息;&&必须向本局提交申请函,开放条件,0.0
cat__开放条件_有基础的数据安全保护能力;不得用于挖掘个人敏感信息；注明数据来源，定期抽查数据使用情况;有较完善的数据安全保护体系；仅注明数据来源，定期抽查数据使用情况；可在自身业务范围内进行科学研究、咨询报告、业务支撑等场景，不得针对具体组织对外发布新闻等信息;&&按申请场景开放,开放条件,0.0
cat__开放条件_有基础的数据安全保护能力;不得用于挖掘个人敏感信息；注明数据来源，定期抽查数据使用情况;有较完善的数据安全保护体系；仅注明数据来源，定期抽查数据使用情况；可在自身业务范围内进行科学研究、咨询报告、业务支撑等场景，不得针对具体组织对外发布新闻等信息;&&提出申请,开放条件,0.0
cat__开放条件_有基础的数据安全保护能力;不得用于挖掘个人敏感信息；注明数据来源，定期抽查数据使用情况;有较完善的数据安全保护体系；仅注明数据来源，定期抽查数据使用情况；可在自身业务范围内进行科学研究、咨询报告、业务支撑等场景，不得针对具体组织对外发布新闻等信息;&&有条件开放,开放条件,0.0
cat__开放条件_有基础的数据安全保护能力;不得用于挖掘个人敏感信息；注明数据来源，定期抽查数据使用情况;有较完善的数据安全保护体系；仅注明数据来源，定期抽查数据使用情况；可在自身业务范围内进行科学研究、咨询报告、业务支撑等场景，不得针对具体组织对外发布新闻等信息;&&根据业务需要提出共享需求,开放条件,0.0
cat__开放条件_有基础的数据安全保护能力;不得用于挖掘个人敏感信息；注明数据来源，定期抽查数据使用情况;有较完善的数据安全保护体系；仅注明数据来源，定期抽查数据使用情况；可在自身业务范围内进行科学研究、咨询报告、业务支撑等场景，不得针对具体组织对外发布新闻等信息;&&根据业务需要提出需求,开放条件,0.0
cat__开放条件_有基础的数据安全保护能力;不得用于挖掘个人敏感信息；注明数据来源，定期抽查数据使用情况;有较完善的数据安全保护体系；仅注明数据来源，定期抽查数据使用情况；可在自身业务范围内进行科学研究、咨询报告、业务支撑等场景，不得针对具体组织对外发布新闻等信息;&&申请通过即可开放,开放条件,0.0
cat__开放条件_有基础的数据安全保护能力;不得用于挖掘个人敏感信息；注明数据来源，定期抽查数据使用情况;有较完善的数据安全保护体系；仅注明数据来源，定期抽查数据使用情况；可在自身业务范围内进行科学研究、咨询报告、业务支撑等场景，不得针对具体组织对外发布新闻等信息;有基础的数据安全保护能力；可在自身业务范围内进行科学研究、咨询报告、业务支撑等场景；注明数据来源，定期抽查数据使用情况;&&上海市生态环境局申请通过,开放条件,0.0
cat__开放条件_有基础的数据安全保护能力;不得用于挖掘个人敏感信息；注明数据来源，定期抽查数据使用情况;有较完善的数据安全保护体系；仅注明数据来源，定期抽查数据使用情况；可在自身业务范围内进行科学研究、咨询报告、业务支撑等场景，不得针对具体组织对外发布新闻等信息;有基础的数据安全保护能力；可在自身业务范围内进行科学研究、咨询报告、业务支撑等场景；注明数据来源，定期抽查数据使用情况;&&业务单位提出申请，并列明具体数据用途，经审核后开放。,开放条件,0.0
cat__开放条件_有基础的数据安全保护能力;不得用于挖掘个人敏感信息；注明数据来源，定期抽查数据使用情况;有较完善的数据安全保护体系；仅注明数据来源，定期抽查数据使用情况；可在自身业务范围内进行科学研究、咨询报告、业务支撑等场景，不得针对具体组织对外发布新闻等信息;&&内部数据,开放条件,0.0
cat__数据资源提供部门_国家税务总局上海市税务局,数据资源提供部门,0.0
cat__数据领域_绿色低碳,数据领域,0.0
cat__开放条件_C1&&,开放条件,0.0
"cat__开放条件_数据利用主体需有基础的数据安全保护能力(需提供数据安全保护负责人和联系方式，有数据安全和隐私保护制度)，并提供个人数据使用授权书，应用场景不得用于个人敏感信息挖掘，需配合定期抽查数据使用情况,形成成果的，应当注明数据使用来源。&&",开放条件,0.0
cat__开放条件_无条件开放&&1无条件开放,开放条件,0.0
cat__开放条件_无条件开放&&不可对社会开放,开放条件,0.0
cat__开放条件_无条件开放&&企业或个人非商业用途可免费使用,开放条件,0.0
cat__开放条件_无条件开放&&依申请,开放条件,0.0
cat__开放条件_无条件开放&&征得数据所有者及管理单位同意,开放条件,0.0
cat__开放条件_无条件开放&&按照业务实际需求情况，有条件开发,开放条件,0.0
cat__开放条件_有基础的数据安全保护能力;不得用于挖掘个人敏感信息；注明数据来源，定期抽查数据使用情况;&&数据仅可由授权的内部机构或人员访问，如果要将数据共享到外部，需要满足相关条件并获得相关方的授权。,开放条件,0.0
cat__开放条件_无条件开放&&按需申请,开放条件,0.0
cat__开放条件_无条件开放&&政府业务办理,开放条件,0.0
cat__开放条件_无条件开放&&数据上平台后经领导同意可开放,开放条件,0.0
cat__开放条件_无条件开放&&数据仅可由授权的内部机构或人员访问，如果要将数据共享到外部，需要满足相关条件并获得相关方的授权。,开放条件,0.0
cat__开放条件_无条件开放&&数据提供单位审批,开放条件,0.0
cat__开放条件_无条件开放&&无条件共享,开放条件,0.0
cat__开放条件_无条件开放&&有条件开放,开放条件,0.0
cat__开放条件_无条件开放&&根据业务需要提出共享需求,开放条件,0.0
cat__开放条件_无条件开放&&根据申请有条件开放,开放条件,0.0
cat__开放条件_无条件开放&&涉及业务管理数据，不宜开放,开放条件,0.0
cat__开放条件_无条件开放&&按申请场景开放,开放条件,0.0
cat__detail_time_scope_2017年-2017年,detail_time_scope,0.0
cat__数据资源提供部门_上海市人民政府办公厅,数据资源提供部门,0.0
cat__数据资源提供部门_上海市人民政府合作交流办公室,数据资源提供部门,0.0
cat__数据资源提供部门_上海市人民政府外事办公室,数据资源提供部门,0.0
cat__数据资源提供部门_上海市医疗保障局,数据资源提供部门,0.0
cat__数据资源提供部门_上海市审计局,数据资源提供部门,0.0
cat__数据资源提供部门_上海市政府合作交流办公室,数据资源提供部门,0.0
cat__数据资源提供部门_上海市机关事务管理局,数据资源提供部门,0.0
cat__数据资源提供部门_上海市档案局,数据资源提供部门,0.0
cat__数据资源提供部门_上海市残疾人联合会,数据资源提供部门,0.0
cat__数据资源提供部门_中国联合网络通信有限公司上海市分公司,数据资源提供部门,0.0
cat__数据资源提供部门_上海市消防救援总队,数据资源提供部门,0.0
cat__数据资源提供部门_上海市经济和信息化委员会,数据资源提供部门,0.0
cat__数据资源提供部门_上海市财政局,数据资源提供部门,0.0
cat__数据资源提供部门_上海市长宁区人民政府办公室,数据资源提供部门,0.0
cat__数据资源提供部门_上海市闵行区人民政府办公室,数据资源提供部门,0.0
cat__数据资源提供部门_上海市静安区政府,数据资源提供部门,0.0
cat__数据资源提供部门_上海数据集团有限公司,数据资源提供部门,0.0
cat__数据资源提供部门_上海随申行智慧交通科技有限公司,数据资源提供部门,0.0
"cat__数据资源提供部门_上海飞来飞去展览设计工程有限公司,上海戏剧学院",数据资源提供部门,0.0
cat__数据资源提供部门_中国电信股份有限公司上海分公司,数据资源提供部门,0.0
cat__数据资源提供部门_中国移动通信集团上海有限公司,数据资源提供部门,0.0
cat__数据资源提供部门_上海市民族和宗教事务局,数据资源提供部门,0.0
cat__开放条件_有基础的数据安全保护能力;不得用于挖掘个人敏感信息;注明数据来源，定期抽查数据使用情况;有较完善的数据安全保护体系;仅注明数据来源，定期抽查数据使用情况;可在自身业务范围内进行科学研究、咨询报告、业务支撑等场景，不得针对具体组织对外发布新闻等信息;有较完善的数据安全保护体系;仅可用于主管部门授权的场景;注明数据来源，实时日志反馈，定期提交利用报告;&&,开放条件,0.0
cat__开放条件_有基础的数据安全保护能力;不得用于挖掘个人敏感信息;注明数据来源，定期抽查数据使用情况;有较完善的数据安全保护体系;仅注明数据来源，定期抽查数据使用情况;可在自身业务范围内进行科学研究、咨询报告、业务支撑等场景，不得针对具体组织对外发布新闻等信息;有较完善的数据安全保护体系;仅可用于主管部门授权的场景;注明数据来源，实时日志反馈，定期提交利用报告;&&对涉及城乡建设事项作为其参考数据开放。,开放条件,0.0
cat__开放条件_有基础的数据安全保护能力;不得用于挖掘个人敏感信息;注明数据来源，定期抽查数据使用情况;有较完善的数据安全保护体系;仅注明数据来源，定期抽查数据使用情况;可在自身业务范围内进行科学研究、咨询报告、业务支撑等场景，不得针对具体组织对外发布新闻等信息;有较完善的数据安全保护体系;仅可用于主管部门授权的场景;注明数据来源，实时日志反馈，定期提交利用报告;&&对涉及城乡建设事项作为参考数据开放。,开放条件,0.0
cat__开放条件_有基础的数据安全保护能力;不得用于挖掘个人敏感信息;注明数据来源，定期抽查数据使用情况;有较完善的数据安全保护体系;仅注明数据来源，定期抽查数据使用情况;可在自身业务范围内进行科学研究、咨询报告、业务支撑等场景，不得针对具体组织对外发布新闻等信息;申请上海市公安局有条件开放数据需填写《上海市公安局数据开放申请信息表》，并按要求如实填写提交。申请信息表下载链接如下：https://data.sh.gov.cn/assets/data/上海市公安局数据开放申请信息表.pdf;&&,开放条件,0.0
"cat__开放条件_有基础的数据安全保护能力;不得用于挖掘个人敏感信息；注明数据来源，定期抽查数据使用情况;&&
无条件开放",开放条件,0.0
cat__开放条件_有基础的数据安全保护能力;不得用于挖掘个人敏感信息；注明数据来源，定期抽查数据使用情况;&& 有条件开放,开放条件,0.0
cat__开放条件_有基础的数据安全保护能力;不得用于挖掘个人敏感信息；注明数据来源，定期抽查数据使用情况;&&个人实名制注册后开放,开放条件,0.0
cat__开放条件_有基础的数据安全保护能力;不得用于挖掘个人敏感信息；注明数据来源，定期抽查数据使用情况;&&仅供企业标签使用,开放条件,0.0
cat__开放条件_有基础的数据安全保护能力;不得用于挖掘个人敏感信息；注明数据来源，定期抽查数据使用情况;&&仅供申请企业查询自身办理情况，开放字段：事项名称、行政相对人名称、许可机构、许可决定书文号、许可决定日期。,开放条件,0.0
cat__开放条件_有基础的数据安全保护能力;不得用于挖掘个人敏感信息；注明数据来源，定期抽查数据使用情况;&&仅向本市政府部门、企事业单位及其他法人 、非法人组织和团体开放,开放条件,0.0
cat__开放条件_无条件开放&&申请协商,开放条件,0.0
cat__开放条件_有基础的数据安全保护能力;不得用于挖掘个人敏感信息；注明数据来源，定期抽查数据使用情况;&&依申请可开放,开放条件,0.0
cat__开放条件_有基础的数据安全保护能力;不得用于挖掘个人敏感信息；注明数据来源，定期抽查数据使用情况;&&依申请开放，成果需模糊敏感信息,开放条件,0.0
cat__开放条件_有基础的数据安全保护能力;不得用于挖掘个人敏感信息；注明数据来源，定期抽查数据使用情况;&&依行业主管部门要求开放,开放条件,0.0
cat__开放条件_有基础的数据安全保护能力;不得用于挖掘个人敏感信息；注明数据来源，定期抽查数据使用情况;&&内部数据,开放条件,0.0
cat__开放条件_有基础的数据安全保护能力;不得用于挖掘个人敏感信息；注明数据来源，定期抽查数据使用情况;&&可供应急管理领域科研院所开展科技项目、课题研究使用,开放条件,0.0
cat__开放条件_有基础的数据安全保护能力;不得用于挖掘个人敏感信息；注明数据来源，定期抽查数据使用情况;&&可直接从一网通办“上海市、区两级二线运动员认定信息查询”事项中获取相关信息,开放条件,0.0
cat__开放条件_有基础的数据安全保护能力;不得用于挖掘个人敏感信息；注明数据来源，定期抽查数据使用情况;&&审核后开放,开放条件,0.0
cat__开放条件_有基础的数据安全保护能力;不得用于挖掘个人敏感信息；注明数据来源，定期抽查数据使用情况;&&审核开放,开放条件,0.0
cat__开放条件_有基础的数据安全保护能力;不得用于挖掘个人敏感信息；注明数据来源，定期抽查数据使用情况;&&开放给企业，提供企业营业执照盖章复印件和申请单。,开放条件,0.0
cat__开放条件_有基础的数据安全保护能力;不得用于挖掘个人敏感信息；注明数据来源，定期抽查数据使用情况;&&按申请场景开放,开放条件,0.0
cat__开放条件_有基础的数据安全保护能力;不得用于挖掘个人敏感信息；注明数据来源，定期抽查数据使用情况;&&按需申请,开放条件,0.0
cat__开放条件_有基础的数据安全保护能力;不得用于挖掘个人敏感信息；注明数据来源，定期抽查数据使用情况;&&依申请,开放条件,0.0
cat__开放条件_无条件开放&&申请该数据，请提供申请人姓名、工作(学习)单位、联系电话，并且说明数据用途和使用场景。,开放条件,0.0
cat__开放条件_无条件开放&&申请该数据，需要完整描述需求场景和用途,开放条件,0.0
cat__开放条件_无条件开放&&申请该数据，需要完整描述需求场景和用途  ,开放条件,0.0
cat__开放条件_无条件开放&&系统数据可能涉及个人敏感数据,开放条件,0.0
cat__开放条件_无条件开放&&经与南东街道沟通同意后，可视情况进行数据开放,开放条件,0.0
cat__开放条件_无条件开放&&该数据是单位内部业务数据，不对社会公众开放,开放条件,0.0
cat__开放条件_无条件开放&&需审核,开放条件,0.0
cat__开放条件_无条件开放&&需提交申请材料,开放条件,0.0
cat__开放条件_无条件开放&&需经单位同意,开放条件,0.0
cat__开放条件_无条件开放&&需责任部门确认,开放条件,0.0
cat__开放条件_有基础的数据安全保护能力;不得用于挖掘个人敏感信息;注明数据来源，定期抽查数据使用情况;有较完善的数据安全保护体系;仅注明数据来源，定期抽查数据使用情况;可在自身业务范围内进行科学研究、咨询报告、业务支撑等场景，不得针对具体组织对外发布新闻等信息;有基础的数据安全保护能力;可在自身业务范围内进行科学研究、咨询报告、业务支撑等场景;注明数据来源，定期抽查数据使用情况;&&向有关部门进行申请,开放条件,0.0
cat__开放条件_无条件开放&&默认条件,开放条件,0.0
cat__开放条件_有基础的数据安全保护能力;不得用于挖掘个人敏感信息;注明数据来源，定期抽查数据使用情况;&&涉及个人身份敏感信息，仅对参加“上海市工程系列绿化和市容专业中级专业技术职务任职资格”评审的申请人本人提供开放。,开放条件,0.0
cat__开放条件_有基础的数据安全保护能力;不得用于挖掘个人敏感信息;注明数据来源，定期抽查数据使用情况;&&需申请,开放条件,0.0
cat__开放条件_有基础的数据安全保护能力;不得用于挖掘个人敏感信息;注明数据来源，定期抽查数据使用情况;有基础的数据安全保护能力;可在自身业务范围内进行科学研究、咨询报告、业务支撑等场景;注明数据来源，定期抽查数据使用情况;&&具有资格的组织,开放条件,0.0
cat__开放条件_有基础的数据安全保护能力;不得用于挖掘个人敏感信息;注明数据来源，定期抽查数据使用情况;有较完善的数据安全保护体系;仅注明数据来源，定期抽查数据使用情况;可在自身业务范围内进行科学研究、咨询报告、业务支撑等场景，不得针对具体组织对外发布新闻等信息;&&仅对企业开放。依真实、合法实际需求申请。申请需承诺：承接数据的信息系统具备数据安全保护能力，使用数据全生命周期满足《中华人民共和国网络安全法》《中华人民共和国数据安全法》《中华人民共和国个人信息保护法》《上海市数据条例》等网络安全、公共数据相关法律法规要求；使用范围不得超出申请需求范围，不得将数据开放或共享给其他自然人、法人和非法人组织。,开放条件,0.0
cat__开放条件_有基础的数据安全保护能力;不得用于挖掘个人敏感信息;注明数据来源，定期抽查数据使用情况;有较完善的数据安全保护体系;仅注明数据来源，定期抽查数据使用情况;可在自身业务范围内进行科学研究、咨询报告、业务支撑等场景，不得针对具体组织对外发布新闻等信息;&&提交申请,开放条件,0.0
cat__开放条件_有基础的数据安全保护能力;不得用于挖掘个人敏感信息;注明数据来源，定期抽查数据使用情况;有较完善的数据安全保护体系;仅注明数据来源，定期抽查数据使用情况;可在自身业务范围内进行科学研究、咨询报告、业务支撑等场景，不得针对具体组织对外发布新闻等信息;&&提出开放申请，说明用途，审核通过后允许开放,开放条件,0.0
cat__开放条件_有基础的数据安全保护能力;不得用于挖掘个人敏感信息;注明数据来源，定期抽查数据使用情况;有较完善的数据安全保护体系;仅注明数据来源，定期抽查数据使用情况;可在自身业务范围内进行科学研究、咨询报告、业务支撑等场景，不得针对具体组织对外发布新闻等信息;&&用于科学研究、咨询报告和业务支撑应用场景,开放条件,0.0
cat__开放条件_有基础的数据安全保护能力;不得用于挖掘个人敏感信息;注明数据来源，定期抽查数据使用情况;有较完善的数据安全保护体系;仅注明数据来源，定期抽查数据使用情况;可在自身业务范围内进行科学研究、咨询报告、业务支撑等场景，不得针对具体组织对外发布新闻等信息;有基础的数据安全保护能力;可在自身业务范围内进行科学研究、咨询报告、业务支撑等场景;注明数据来源，定期抽查数据使用情况;&&,开放条件,0.0
"cat__开放条件_有基础的数据安全保护能力;不得用于挖掘个人敏感信息;注明数据来源，定期抽查数据使用情况;有较完善的数据安全保护体系;仅注明数据来源，定期抽查数据使用情况;可在自身业务范围内进行科学研究、咨询报告、业务支撑等场景，不得针对具体组织对外发布新闻等信息;有基础的数据安全保护能力;可在自身业务范围内进行科学研究、咨询报告、业务支撑等场景;注明数据来源，定期抽查数据使用情况;&&
",开放条件,0.0
cat__开放条件_有基础的数据安全保护能力;不得用于挖掘个人敏感信息;注明数据来源，定期抽查数据使用情况;有较完善的数据安全保护体系;仅注明数据来源，定期抽查数据使用情况;可在自身业务范围内进行科学研究、咨询报告、业务支撑等场景，不得针对具体组织对外发布新闻等信息;有基础的数据安全保护能力;可在自身业务范围内进行科学研究、咨询报告、业务支撑等场景;注明数据来源，定期抽查数据使用情况;&&仅可用于公众查询场景,开放条件,0.0
cat__开放条件_无条件开放&&面向社会开放，使用方需根据实际需要提出申请,开放条件,0.0
cat__开放条件_有较完善的数据安全保护体系;仅注明数据来源，实时日志反馈，定期提交利用报告;可在自身业务范围内进行科学研究、咨询报告、业务支撑等场景，不得对外提供查询服务;&&,开放条件,0.0
cat__开放条件_有较完善的数据安全保护体系;仅注明数据来源，实时日志反馈，定期提交利用报告;可在自身业务范围内进行科学研究、咨询报告、业务支撑等场景，不得对外提供查询服务;有较完善的数据安全保护体系;仅注明数据来源，定期抽查数据使用情况;可在自身业务范围内进行科学研究、咨询报告、业务支撑等场景，不得针对具体组织对外发布新闻等信息;&&,开放条件,0.0
cat__开放条件_有较完善的数据安全保护体系;仅注明数据来源，实时日志反馈，定期提交利用报告;可在自身业务范围内进行科学研究、咨询报告、业务支撑等场景，不得对外提供查询服务;申请上海市公安局有条件开放数据需填写《上海市公安局数据开放申请信息表》，并按要求如实填写提交。申请信息表下载链接如下：https://data.sh.gov.cn/assets/data/上海市公安局数据开放申请信息表.pdf;&&,开放条件,0.0
cat__开放条件_有较完善的数据安全保护体系；仅注明数据来源，定期抽查数据使用情况；可在自身业务范围内进行科学研究、咨询报告、业务支撑等场景，不得针对具体组织对外发布新闻等信息;&&不允许批量开放，允许根据条件逐条查询开放,开放条件,0.0
cat__开放条件_有较完善的数据安全保护体系；仅注明数据来源，定期抽查数据使用情况；可在自身业务范围内进行科学研究、咨询报告、业务支撑等场景，不得针对具体组织对外发布新闻等信息;&&为农业主体提供单次查询服务，开放字段：地块编号、地块类型、图斑面积、主体名称、主体类型、主体编码、地址。,开放条件,0.0
cat__开放条件_有较完善的数据安全保护体系；仅注明数据来源，定期抽查数据使用情况；可在自身业务范围内进行科学研究、咨询报告、业务支撑等场景，不得针对具体组织对外发布新闻等信息;&&为农业主体提供单次查询服务，开放字段：所属区域、镇、地块类型、主体名称、主体唯一代码、大棚中心点位坐标经度、大棚中心点位坐标纬度。,开放条件,0.0
cat__开放条件_有较完善的数据安全保护体系；仅注明数据来源，定期抽查数据使用情况；可在自身业务范围内进行科学研究、咨询报告、业务支撑等场景，不得针对具体组织对外发布新闻等信息;&&为农业主体提供单次查询服务，开放字段：所属区域、镇、地块类型、主体名称、主体唯一代码。,开放条件,0.0
cat__开放条件_有较完善的数据安全保护体系；仅注明数据来源，定期抽查数据使用情况；可在自身业务范围内进行科学研究、咨询报告、业务支撑等场景，不得针对具体组织对外发布新闻等信息;&&仅供备案实验室查询自身数据情况时开放，开放字段：事项名称、行政相对人名称、许可机构、许可决定书文号、许可决定日期。,开放条件,0.0
cat__开放条件_有较完善的数据安全保护体系；仅注明数据来源，定期抽查数据使用情况；可在自身业务范围内进行科学研究、咨询报告、业务支撑等场景，不得针对具体组织对外发布新闻等信息;&&仅供屠宰企业查询自身数据情况时开放,开放条件,0.0
cat__开放条件_有较完善的数据安全保护体系；仅注明数据来源，定期抽查数据使用情况；可在自身业务范围内进行科学研究、咨询报告、业务支撑等场景，不得针对具体组织对外发布新闻等信息;&&仅供开展帮扶造血项目研究时使用，仅提供单次查询模式,开放条件,0.0
cat__开放条件_有基础的数据安全保护能力;不得用于挖掘个人敏感信息；注明数据来源，定期抽查数据使用情况;有较完善的数据安全保护体系；仅注明数据来源，定期抽查数据使用情况；可在自身业务范围内进行科学研究、咨询报告、业务支撑等场景，不得针对具体组织对外发布新闻等信息;有基础的数据安全保护能力；可在自身业务范围内进行科学研究、咨询报告、业务支撑等场景；注明数据来源，定期抽查数据使用情况;&&根据申请有条件开放,开放条件,0.0
cat__开放条件_有较完善的数据安全保护体系；仅注明数据来源，定期抽查数据使用情况；可在自身业务范围内进行科学研究、咨询报告、业务支撑等场景，不得针对具体组织对外发布新闻等信息;&&仅供生活困难农户查询自身数据情况时开放,开放条件,0.0
cat__开放条件_有较完善的数据安全保护体系；仅注明数据来源，定期抽查数据使用情况；可在自身业务范围内进行科学研究、咨询报告、业务支撑等场景，不得针对具体组织对外发布新闻等信息;&&仅供申报企业查询自身数据情况时开放,开放条件,0.0
cat__开放条件_有较完善的数据安全保护体系；仅注明数据来源，定期抽查数据使用情况；可在自身业务范围内进行科学研究、咨询报告、业务支撑等场景，不得针对具体组织对外发布新闻等信息;&&仅供申报单位查询自身填报的信息,开放条件,0.0
cat__开放条件_有较完善的数据安全保护体系；仅注明数据来源，定期抽查数据使用情况；可在自身业务范围内进行科学研究、咨询报告、业务支撑等场景，不得针对具体组织对外发布新闻等信息;&&仅供申请企业查询自身办理情况,开放条件,0.0
cat__开放条件_有较完善的数据安全保护体系；仅注明数据来源，定期抽查数据使用情况；可在自身业务范围内进行科学研究、咨询报告、业务支撑等场景，不得针对具体组织对外发布新闻等信息;&&仅供补贴主体核实信息,开放条件,0.0
cat__开放条件_有较完善的数据安全保护体系；仅注明数据来源，定期抽查数据使用情况；可在自身业务范围内进行科学研究、咨询报告、业务支撑等场景，不得针对具体组织对外发布新闻等信息;&&仅供驻村指导员查询自身数据情况时开放,开放条件,0.0
cat__开放条件_有较完善的数据安全保护体系；仅注明数据来源，定期抽查数据使用情况；可在自身业务范围内进行科学研究、咨询报告、业务支撑等场景，不得针对具体组织对外发布新闻等信息;&&仅允许对应企业根据企业名称和统一社会信用代码查询,开放条件,0.0
cat__开放条件_有较完善的数据安全保护体系；仅注明数据来源，定期抽查数据使用情况；可在自身业务范围内进行科学研究、咨询报告、业务支撑等场景，不得针对具体组织对外发布新闻等信息;&&仅农业农村部统一部署条件下使用,开放条件,0.0
cat__开放条件_有较完善的数据安全保护体系；仅注明数据来源，定期抽查数据使用情况；可在自身业务范围内进行科学研究、咨询报告、业务支撑等场景，不得针对具体组织对外发布新闻等信息;&&仅向种养殖主体开放其主体的对应数据,开放条件,0.0
cat__开放条件_有较完善的数据安全保护体系；仅注明数据来源，定期抽查数据使用情况；可在自身业务范围内进行科学研究、咨询报告、业务支撑等场景，不得针对具体组织对外发布新闻等信息;&&仅委办局间使用,开放条件,0.0
cat__开放条件_有较完善的数据安全保护体系；仅注明数据来源，定期抽查数据使用情况；可在自身业务范围内进行科学研究、咨询报告、业务支撑等场景，不得针对具体组织对外发布新闻等信息;&&仅供开展重点帮扶研究时使用，仅提供单次查询模式,开放条件,0.0
cat__开放条件_有基础的数据安全保护能力；可在自身业务范围内进行科学研究、咨询报告、业务支撑等场景；注明数据来源，定期抽查数据使用情况;&&需明确用途,开放条件,0.0
cat__开放条件_有基础的数据安全保护能力；可在自身业务范围内进行科学研究、咨询报告、业务支撑等场景；注明数据来源，定期抽查数据使用情况;&&需普陀区城运中心审批同意,开放条件,0.0
cat__开放条件_有基础的数据安全保护能力；可在自身业务范围内进行科学研究、咨询报告、业务支撑等场景；注明数据来源，定期抽查数据使用情况;&&需生态环境局审,开放条件,0.0
cat__开放条件_有基础的数据安全保护能力；可在自身业务范围内进行科学研究、咨询报告、业务支撑等场景；注明数据来源，定期抽查数据使用情况;&&需责任部门确认,开放条件,0.0
cat__开放条件_有较完善的数据安全保护体系;仅可用于主管部门授权的场景;注明数据来源，实时日志反馈，定期提交利用报告;&&,开放条件,0.0
cat__开放条件_有较完善的数据安全保护体系;仅可用于主管部门授权的场景;注明数据来源，实时日志反馈，定期提交利用报告；,开放条件,0.0
cat__开放条件_有较完善的数据安全保护体系;仅可用于主管部门授权的场景;注明数据来源，实时日志反馈，定期提交利用报告；&&仅委办局间使用,开放条件,0.0
cat__开放条件_有较完善的数据安全保护体系;仅可用于主管部门授权的场景;注明数据来源，实时日志反馈，定期提交利用报告；&&依申请开放，成果需模糊敏感信息,开放条件,0.0
cat__开放条件_有较完善的数据安全保护体系;仅可用于主管部门授权的场景;注明数据来源，实时日志反馈，定期提交利用报告；&&依申请，数据脱敏后可开放,开放条件,0.0
cat__开放条件_有较完善的数据安全保护体系;仅可用于主管部门授权的场景;注明数据来源，实时日志反馈，定期提交利用报告；&&有条件开放,开放条件,0.0
cat__开放条件_有较完善的数据安全保护体系;仅注明数据来源，定期抽查数据使用情况;可在自身业务范围内进行科学研究、咨询报告、业务支撑等场景，不得针对具体组织对外发布新闻等信息;有较完善的数据安全保护体系;仅可用于主管部门授权的场景;注明数据来源，实时日志反馈，定期提交利用报告;&&对涉及野生动物保护事项作为其参考数据开放,开放条件,0.0
cat__开放条件_有较完善的数据安全保护体系;仅可用于主管部门授权的场景;注明数据来源，实时日志反馈，定期提交利用报告；&&需提供基本情况说明、数据用途、使用期限及获取方式等信息，具备数据安全管理能力，经过申请流程批准后可开放。,开放条件,0.0
cat__开放条件_有较完善的数据安全保护体系;仅可用于主管部门授权的场景;注明数据来源，实时日志反馈，定期提交利用报告；&&面向社会开放，使用方需根据实际需要提出申请,开放条件,0.0
cat__开放条件_有较完善的数据安全保护体系;仅注明数据来源，定期抽查数据使用情况;可在自身业务范围内进行科学研究、咨询报告、业务支撑等场景，不得针对具体组织对外发布新闻等信息;&&依申请开放清单,开放条件,0.0
cat__开放条件_有较完善的数据安全保护体系;仅注明数据来源，定期抽查数据使用情况;可在自身业务范围内进行科学研究、咨询报告、业务支撑等场景，不得针对具体组织对外发布新闻等信息;&&提出开放申请，说明用途，审核通过后允许开放,开放条件,0.0
cat__开放条件_有较完善的数据安全保护体系;仅注明数据来源，定期抽查数据使用情况;可在自身业务范围内进行科学研究、咨询报告、业务支撑等场景，不得针对具体组织对外发布新闻等信息;有基础的数据安全保护能力;可在自身业务范围内进行科学研究、咨询报告、业务支撑等场景;注明数据来源，定期抽查数据使用情况;&&依申请开放清单,开放条件,0.0
cat__开放条件_有较完善的数据安全保护体系;仅注明数据来源，定期抽查数据使用情况;可在自身业务范围内进行科学研究、咨询报告、业务支撑等场景，不得针对具体组织对外发布新闻等信息;有基础的数据安全保护能力;可在自身业务范围内进行科学研究、咨询报告、业务支撑等场景;注明数据来源，定期抽查数据使用情况;&&对涉及政府精细化管理、数字化转型相关事项开放,开放条件,0.0
cat__开放条件_有较完善的数据安全保护体系;仅注明数据来源，定期抽查数据使用情况;可在自身业务范围内进行科学研究、咨询报告、业务支撑等场景，不得针对具体组织对外发布新闻等信息;有基础的数据安全保护能力;可在自身业务范围内进行科学研究、咨询报告、业务支撑等场景;注明数据来源，定期抽查数据使用情况;&&对科学研究、咨询报告、业务支撑等开放,开放条件,0.0
cat__开放条件_有较完善的数据安全保护体系;仅注明数据来源，定期抽查数据使用情况;可在自身业务范围内进行科学研究、咨询报告、业务支撑等场景，不得针对具体组织对外发布新闻等信息;有基础的数据安全保护能力;可在自身业务范围内进行科学研究、咨询报告、业务支撑等场景;注明数据来源，定期抽查数据使用情况;&&有基础的数据安全保护能力，可在自身业务范围内进行科学研究、咨询报告、业务支撑等场景,开放条件,0.0
cat__开放条件_有较完善的数据安全保护体系;仅注明数据来源，定期抽查数据使用情况;可在自身业务范围内进行科学研究、咨询报告、业务支撑等场景，不得针对具体组织对外发布新闻等信息;有基础的数据安全保护能力;可在自身业务范围内进行科学研究、咨询报告、业务支撑等场景;注明数据来源，定期抽查数据使用情况;&&用于科学研究、咨询报告和业务支撑应用场景,开放条件,0.0
cat__开放条件_有较完善的数据安全保护体系;仅注明数据来源，定期抽查数据使用情况;可在自身业务范围内进行科学研究、咨询报告、业务支撑等场景，不得针对具体组织对外发布新闻等信息;有较完善的数据安全保护体系;仅可用于主管部门授权的场景;注明数据来源，实时日志反馈，定期提交利用报告;&&,开放条件,0.0
cat__开放条件_有较完善的数据安全保护体系;仅注明数据来源，定期抽查数据使用情况;可在自身业务范围内进行科学研究、咨询报告、业务支撑等场景，不得针对具体组织对外发布新闻等信息;有较完善的数据安全保护体系;仅可用于主管部门授权的场景;注明数据来源，实时日志反馈，定期提交利用报告;&&1）数据利用主体需有基础的数据安全保护能力，需提供数据安全保护负责人和联系方式，有数据安全和隐私保护制度(有等保2级以上，ISO27000认证，或满足同等要求的数据安全保护体系、相关制度规范)。数据利用主体需提供数据查询委托函及申请表并注明应用场景，应用场景不得用于个人敏感信息挖掘。数据利用主体需配合定期抽查数据使用情况，形成成果反馈。,开放条件,0.0
cat__开放条件_有较完善的数据安全保护体系;仅可用于主管部门授权的场景;注明数据来源，实时日志反馈，定期提交利用报告；&&用于医疗保障和卫生健康部门医疗、医保、医药行业管理,开放条件,0.0
cat__开放条件_有较完善的数据安全保护体系；仅注明数据来源，定期抽查数据使用情况；可在自身业务范围内进行科学研究、咨询报告、业务支撑等场景，不得针对具体组织对外发布新闻等信息;&&依申请公开,开放条件,0.0
cat__开放条件_有较完善的数据安全保护体系；仅注明数据来源，定期抽查数据使用情况；可在自身业务范围内进行科学研究、咨询报告、业务支撑等场景，不得针对具体组织对外发布新闻等信息;&&依申请可开放,开放条件,0.0
cat__开放条件_有较完善的数据安全保护体系；仅注明数据来源，定期抽查数据使用情况；可在自身业务范围内进行科学研究、咨询报告、业务支撑等场景，不得针对具体组织对外发布新闻等信息;&&依申请同意后公开,开放条件,0.0
cat__开放条件_有较完善的数据安全保护体系；仅注明数据来源，定期抽查数据使用情况；可在自身业务范围内进行科学研究、咨询报告、业务支撑等场景，不得针对具体组织对外发布新闻等信息;&&依申请开放,开放条件,0.0
cat__开放条件_有较完善的数据安全保护体系；仅注明数据来源，定期抽查数据使用情况；可在自身业务范围内进行科学研究、咨询报告、业务支撑等场景，不得针对具体组织对外发布新闻等信息;&&依申请开放，成果需模糊敏感信息,开放条件,0.0
cat__开放条件_有较完善的数据安全保护体系；仅注明数据来源，定期抽查数据使用情况；可在自身业务范围内进行科学研究、咨询报告、业务支撑等场景，不得针对具体组织对外发布新闻等信息;&&依行业主管部门要求开放,开放条件,0.0
cat__开放条件_有较完善的数据安全保护体系；仅注明数据来源，定期抽查数据使用情况；可在自身业务范围内进行科学研究、咨询报告、业务支撑等场景，不得针对具体组织对外发布新闻等信息;&&农业科研机构开展调研应用,开放条件,0.0
cat__开放条件_有较完善的数据安全保护体系；仅注明数据来源，定期抽查数据使用情况；可在自身业务范围内进行科学研究、咨询报告、业务支撑等场景，不得针对具体组织对外发布新闻等信息;&&农业科研部门开展农业经济调研研究中应用,开放条件,0.0
cat__开放条件_有较完善的数据安全保护体系；仅注明数据来源，定期抽查数据使用情况；可在自身业务范围内进行科学研究、咨询报告、业务支撑等场景，不得针对具体组织对外发布新闻等信息;&&含个人敏感信息，仅向当事人开放（依据《中华人民共和国个人信息保护法》第二十五条规定），全量字段开放。,开放条件,0.0
cat__开放条件_有较完善的数据安全保护体系；仅注明数据来源，定期抽查数据使用情况；可在自身业务范围内进行科学研究、咨询报告、业务支撑等场景，不得针对具体组织对外发布新闻等信息;&&国家级科技企业孵化器在孵企业数据（字段：企业名称、所在孵化器名称、入驻年份、更新时间）开放条件：有基础数据安全保护能力；不能用于挖掘企业敏感信息，不对个人及企业开放；注明使用用途（主要用于政府部门政策兑现、业务支撑等场景）；注明数据来源，定期抽查数据使用情况。,开放条件,0.0
cat__开放条件_有较完善的数据安全保护体系；仅注明数据来源，定期抽查数据使用情况；可在自身业务范围内进行科学研究、咨询报告、业务支撑等场景，不得针对具体组织对外发布新闻等信息;&&仅对农机手身份证号和姓名匹配的人员本人开放,开放条件,0.0
cat__开放条件_有较完善的数据安全保护体系；仅注明数据来源，定期抽查数据使用情况；可在自身业务范围内进行科学研究、咨询报告、业务支撑等场景，不得针对具体组织对外发布新闻等信息;&&审核开放,开放条件,0.0
cat__开放条件_有较完善的数据安全保护体系；仅注明数据来源，定期抽查数据使用情况；可在自身业务范围内进行科学研究、咨询报告、业务支撑等场景，不得针对具体组织对外发布新闻等信息;&&对接区城运中心和市殡葬管理处人流量统计系统，加密传输,开放条件,0.0
cat__开放条件_有较完善的数据安全保护体系；仅注明数据来源，定期抽查数据使用情况；可在自身业务范围内进行科学研究、咨询报告、业务支撑等场景，不得针对具体组织对外发布新闻等信息;&&开放条件按市市司法局统一要求执行,开放条件,0.0
cat__开放条件_有较完善的数据安全保护体系；仅注明数据来源，定期抽查数据使用情况；可在自身业务范围内进行科学研究、咨询报告、业务支撑等场景，不得针对具体组织对外发布新闻等信息;&&必须向本局提交申请函,开放条件,0.0
cat__开放条件_有较完善的数据安全保护体系；仅注明数据来源，定期抽查数据使用情况；可在自身业务范围内进行科学研究、咨询报告、业务支撑等场景，不得针对具体组织对外发布新闻等信息;&&按1社会开放、2政府部门之间、3行业数据的有条件共享,开放条件,0.0
cat__开放条件_有较完善的数据安全保护体系；仅注明数据来源，定期抽查数据使用情况；可在自身业务范围内进行科学研究、咨询报告、业务支撑等场景，不得针对具体组织对外发布新闻等信息;&&按照业务实际需求情况，有条件开发,开放条件,0.0
cat__开放条件_有较完善的数据安全保护体系；仅注明数据来源，定期抽查数据使用情况；可在自身业务范围内进行科学研究、咨询报告、业务支撑等场景，不得针对具体组织对外发布新闻等信息;&&按申请场景开放,开放条件,0.0
cat__开放条件_有较完善的数据安全保护体系；仅注明数据来源，定期抽查数据使用情况；可在自身业务范围内进行科学研究、咨询报告、业务支撑等场景，不得针对具体组织对外发布新闻等信息;&&按需申请,开放条件,0.0
cat__开放条件_有较完善的数据安全保护体系；仅注明数据来源，定期抽查数据使用情况；可在自身业务范围内进行科学研究、咨询报告、业务支撑等场景，不得针对具体组织对外发布新闻等信息;&&提供单次查询服务，开放字段：申农码编码、主体名称、发码日期。,开放条件,0.0
cat__开放条件_有较完善的数据安全保护体系；仅注明数据来源，定期抽查数据使用情况；可在自身业务范围内进行科学研究、咨询报告、业务支撑等场景，不得针对具体组织对外发布新闻等信息;&&数据利用主体需有等保2级以上，ISO27000等认证，具有基础的数据安全保护能力，并提供个人数据使用授权书，应用场景不得向他人提供敏感信息的查询，需配合实时日志反馈，定期提交利用报告，应当注明数据使用来源。,开放条件,0.0
cat__开放条件_有较完善的数据安全保护体系；仅注明数据来源，定期抽查数据使用情况；可在自身业务范围内进行科学研究、咨询报告、业务支撑等场景，不得针对具体组织对外发布新闻等信息;&&数据权属单位审批,开放条件,0.0
cat__开放条件_有较完善的数据安全保护体系；仅注明数据来源，定期抽查数据使用情况；可在自身业务范围内进行科学研究、咨询报告、业务支撑等场景，不得针对具体组织对外发布新闻等信息;&&审核场景后开放,开放条件,0.0
cat__开放条件_有较完善的数据安全保护体系；仅注明数据来源，定期抽查数据使用情况；可在自身业务范围内进行科学研究、咨询报告、业务支撑等场景，不得针对具体组织对外发布新闻等信息;&&仅对监测主体法人代表身份证号和姓名匹配的人员本人开放,开放条件,0.0
cat__开放条件_有较完善的数据安全保护体系；仅注明数据来源，定期抽查数据使用情况；可在自身业务范围内进行科学研究、咨询报告、业务支撑等场景，不得针对具体组织对外发布新闻等信息;&&仅对被执法主体法人代表身份证号和姓名匹配的人员本人开放,开放条件,0.0
cat__开放条件_有较完善的数据安全保护体系；仅注明数据来源，定期抽查数据使用情况；可在自身业务范围内进行科学研究、咨询报告、业务支撑等场景，不得针对具体组织对外发布新闻等信息;&&仅对评分主体法人代表身份证号和姓名匹配的人员本人开放,开放条件,0.0
cat__开放条件_有较完善的数据安全保护体系；仅注明数据来源，定期抽查数据使用情况；可在自身业务范围内进行科学研究、咨询报告、业务支撑等场景，不得针对具体组织对外发布新闻等信息;&&仅对该主体法人代表身份证号和姓名匹配的人员本人开放,开放条件,0.0
cat__开放条件_有较完善的数据安全保护体系；仅注明数据来源，定期抽查数据使用情况；可在自身业务范围内进行科学研究、咨询报告、业务支撑等场景，不得针对具体组织对外发布新闻等信息;&&仅对身份证号和姓名匹配的人员本人开放,开放条件,0.0
cat__开放条件_有较完善的数据安全保护体系；仅注明数据来源，定期抽查数据使用情况；可在自身业务范围内进行科学研究、咨询报告、业务支撑等场景，不得针对具体组织对外发布新闻等信息;&&仅开放给实名认证用户,开放条件,0.0
cat__开放条件_有较完善的数据安全保护体系；仅注明数据来源，定期抽查数据使用情况；可在自身业务范围内进行科学研究、咨询报告、业务支撑等场景，不得针对具体组织对外发布新闻等信息;&&仅用于港西镇域组织工作参考,开放条件,0.0
cat__开放条件_有较完善的数据安全保护体系；仅注明数据来源，定期抽查数据使用情况；可在自身业务范围内进行科学研究、咨询报告、业务支撑等场景，不得针对具体组织对外发布新闻等信息;&&仅限集体经济相关工作场景使用 ，开放字段：吊销原因、吊销日期。,开放条件,0.0
cat__开放条件_有较完善的数据安全保护体系；仅注明数据来源，定期抽查数据使用情况；可在自身业务范围内进行科学研究、咨询报告、业务支撑等场景，不得针对具体组织对外发布新闻等信息;&&仅限集体经济相关工作场景使用，开放字段：变更事项、变更日期。,开放条件,0.0
cat__开放条件_有较完善的数据安全保护体系；仅注明数据来源，定期抽查数据使用情况；可在自身业务范围内进行科学研究、咨询报告、业务支撑等场景，不得针对具体组织对外发布新闻等信息;&&仅限集体经济相关工作场景使用，开放字段：注销机关、注销原因、注销日期。,开放条件,0.0
cat__开放条件_有较完善的数据安全保护体系；仅注明数据来源，定期抽查数据使用情况；可在自身业务范围内进行科学研究、咨询报告、业务支撑等场景，不得针对具体组织对外发布新闻等信息;&&依主管部门审核后开放,开放条件,0.0
cat__开放条件_有较完善的数据安全保护体系；仅注明数据来源，定期抽查数据使用情况；可在自身业务范围内进行科学研究、咨询报告、业务支撑等场景，不得针对具体组织对外发布新闻等信息;&&以单个统一社会信用代码为查询条件进行开放，开放字段：统一社会信用代码、企业名称、种子销售量。,开放条件,0.0
cat__开放条件_有较完善的数据安全保护体系；仅注明数据来源，定期抽查数据使用情况；可在自身业务范围内进行科学研究、咨询报告、业务支撑等场景，不得针对具体组织对外发布新闻等信息;&&以单个统一社会信用代码为查询条件进行开放，开放字段：统一社会信用代码、企业名称、种畜（禽）出栏量。,开放条件,0.0
cat__开放条件_有较完善的数据安全保护体系；仅注明数据来源，定期抽查数据使用情况；可在自身业务范围内进行科学研究、咨询报告、业务支撑等场景，不得针对具体组织对外发布新闻等信息;&&以单条接口调用形式开放,开放条件,0.0
cat__开放条件_有较完善的数据安全保护体系；仅注明数据来源，定期抽查数据使用情况；可在自身业务范围内进行科学研究、咨询报告、业务支撑等场景，不得针对具体组织对外发布新闻等信息;&&以单条接口调用形式开放，开放字段：经营主体、服务中心主体、服务站。,开放条件,0.0
cat__开放条件_有较完善的数据安全保护体系；仅注明数据来源，定期抽查数据使用情况；可在自身业务范围内进行科学研究、咨询报告、业务支撑等场景，不得针对具体组织对外发布新闻等信息;&&以单条接口调用形式返回，开放农机出厂编号、农机类别,开放条件,0.0
cat__开放条件_有较完善的数据安全保护体系；仅注明数据来源，定期抽查数据使用情况；可在自身业务范围内进行科学研究、咨询报告、业务支撑等场景，不得针对具体组织对外发布新闻等信息;&&以单条接口调用形式返回，开放字段：品种名称、品种来源、更新时间。,开放条件,0.0
cat__开放条件_有较完善的数据安全保护体系；仅注明数据来源，定期抽查数据使用情况；可在自身业务范围内进行科学研究、咨询报告、业务支撑等场景，不得针对具体组织对外发布新闻等信息;&&以单次查询模式，以接口形式提供近一年内主体查询服务,开放条件,0.0
cat__开放条件_有较完善的数据安全保护体系；仅注明数据来源，定期抽查数据使用情况；可在自身业务范围内进行科学研究、咨询报告、业务支撑等场景，不得针对具体组织对外发布新闻等信息;&&以单次查询模式，以接口形式提供近一年内主体查询服务。,开放条件,0.0
cat__开放条件_有较完善的数据安全保护体系；仅注明数据来源，定期抽查数据使用情况；可在自身业务范围内进行科学研究、咨询报告、业务支撑等场景，不得针对具体组织对外发布新闻等信息;&&以单次查询模式，以接口形式提供近一年内主体查询服务，开放字段巡检类型、检测时间、检测结果。,开放条件,0.0
cat__开放条件_有较完善的数据安全保护体系；仅注明数据来源，定期抽查数据使用情况；可在自身业务范围内进行科学研究、咨询报告、业务支撑等场景，不得针对具体组织对外发布新闻等信息;&&以单次查询模式，以接口形式提供近一年内主体查询服务，开放字段：分区名称、菜田面积、在田面积、监测时间。,开放条件,0.0
cat__开放条件_有较完善的数据安全保护体系；仅注明数据来源，定期抽查数据使用情况；可在自身业务范围内进行科学研究、咨询报告、业务支撑等场景，不得针对具体组织对外发布新闻等信息;&&以单次查询模式，以接口形式提供近一年内回收点查询服务,开放条件,0.0
cat__开放条件_有较完善的数据安全保护体系；仅注明数据来源，定期抽查数据使用情况；可在自身业务范围内进行科学研究、咨询报告、业务支撑等场景，不得针对具体组织对外发布新闻等信息;&&仅限集体经济相关工作场景使用，开放字段：集体经济组织名称、乡镇街道、有效期自、统一社会信用代码、成立日期、法定代表人。,开放条件,0.0
cat__开放条件_有基础的数据安全保护能力;不得用于挖掘个人敏感信息；注明数据来源，定期抽查数据使用情况;有较完善的数据安全保护体系；仅注明数据来源，定期抽查数据使用情况；可在自身业务范围内进行科学研究、咨询报告、业务支撑等场景，不得针对具体组织对外发布新闻等信息;有较完善的数据安全保护体系;仅可用于主管部门授权的场景;注明数据来源，实时日志反馈，定期提交利用报告；&&需明确需求，提交申请。,开放条件,0.0
cat__开放条件_有基础的数据安全保护能力;不得用于挖掘个人敏感信息；注明数据来源，定期抽查数据使用情况;有较完善的数据安全保护体系；仅注明数据来源，定期抽查数据使用情况；可在自身业务范围内进行科学研究、咨询报告、业务支撑等场景，不得针对具体组织对外发布新闻等信息;有较完善的数据安全保护体系;仅可用于主管部门授权的场景;注明数据来源，实时日志反馈，定期提交利用报告；&&面向社会开放，使用方需根据实际需要提出申请,开放条件,0.0
cat__开放条件_有基础的数据安全保护能力;可在自身业务范围内进行科学研究、咨询报告、业务支撑等场景;注明数据来源，定期抽查数据使用情况;&&依申请开放清单,开放条件,0.0
cat__开放条件_有基础的数据安全保护能力;可在自身业务范围内进行科学研究、咨询报告、业务支撑等场景;注明数据来源，定期抽查数据使用情况;&&向有关部门进行申请,开放条件,0.0
cat__开放条件_有基础的数据安全保护能力;可在自身业务范围内进行科学研究、咨询报告、业务支撑等场景;注明数据来源，定期抽查数据使用情况;&&向部门申请,开放条件,0.0
cat__开放条件_有基础的数据安全保护能力;可在自身业务范围内进行科学研究、咨询报告、业务支撑等场景;注明数据来源，定期抽查数据使用情况;申请上海市公安局有条件开放数据需填写《上海市公安局数据开放申请信息表》，并按要求如实填写提交。申请信息表下载链接如下：https://data.sh.gov.cn/assets/data/上海市公安局数据开放申请信息表.pdf;&&,开放条件,0.0
cat__开放条件_有基础的数据安全保护能力；可在自身业务范围内进行科学研究、咨询报告、业务支撑等场景；注明数据来源，定期抽查数据使用情况;&&不对个人或企业开放，仅供科研机构或大专院校研究使用；有较完善的数据安全保护体系；得用于挖掘个人敏感信息；仅注明数据来源，定期抽查数据使用情况；不得对第三方公开数据；需注明用途或相关事由,开放条件,0.0
cat__开放条件_有基础的数据安全保护能力；可在自身业务范围内进行科学研究、咨询报告、业务支撑等场景；注明数据来源，定期抽查数据使用情况;&&业务单位提出申请，并列明具体数据用途，经审核后开放。,开放条件,0.0
cat__开放条件_有基础的数据安全保护能力；可在自身业务范围内进行科学研究、咨询报告、业务支撑等场景；注明数据来源，定期抽查数据使用情况;&&仅供“一网统管”相关业务条线数据赋能申请使用,开放条件,0.0
cat__开放条件_有基础的数据安全保护能力；可在自身业务范围内进行科学研究、咨询报告、业务支撑等场景；注明数据来源，定期抽查数据使用情况;&&仅供“一网通办”相关业务条线数据赋能申请使用,开放条件,0.0
cat__开放条件_有基础的数据安全保护能力；可在自身业务范围内进行科学研究、咨询报告、业务支撑等场景；注明数据来源，定期抽查数据使用情况;&&需数据责任部门审批同意,开放条件,0.0
cat__开放条件_有基础的数据安全保护能力；可在自身业务范围内进行科学研究、咨询报告、业务支撑等场景；注明数据来源，定期抽查数据使用情况;&&仅供农作物秸秆综合利用主体复核信息使用,开放条件,0.0
cat__开放条件_有基础的数据安全保护能力；可在自身业务范围内进行科学研究、咨询报告、业务支撑等场景；注明数据来源，定期抽查数据使用情况;&&仅供参与物资规划储备、调拨使用相关社会面工作的相关单位申请,开放条件,0.0
cat__开放条件_有基础的数据安全保护能力；可在自身业务范围内进行科学研究、咨询报告、业务支撑等场景；注明数据来源，定期抽查数据使用情况;&&仅供参与防汛社会面工作的相关单位申请。,开放条件,0.0
cat__开放条件_有基础的数据安全保护能力；可在自身业务范围内进行科学研究、咨询报告、业务支撑等场景；注明数据来源，定期抽查数据使用情况;&&仅供申报企业查询自身数据情况时开放，开放字段：企业名称、数量、时间、统一社会信用代码。,开放条件,0.0
cat__开放条件_有基础的数据安全保护能力；可在自身业务范围内进行科学研究、咨询报告、业务支撑等场景；注明数据来源，定期抽查数据使用情况;&&仅供黄浦区就促中心开展档案查询业务时使用,开放条件,0.0
cat__开放条件_有基础的数据安全保护能力；可在自身业务范围内进行科学研究、咨询报告、业务支撑等场景；注明数据来源，定期抽查数据使用情况;&&仅向本市政府部门、企事业单位及其他法人 、非法人组织和团体开放,开放条件,0.0
cat__开放条件_有基础的数据安全保护能力；可在自身业务范围内进行科学研究、咨询报告、业务支撑等场景；注明数据来源，定期抽查数据使用情况;&&仅委办局间使用,开放条件,0.0
cat__开放条件_有基础的数据安全保护能力；可在自身业务范围内进行科学研究、咨询报告、业务支撑等场景；注明数据来源，定期抽查数据使用情况;&&仅对农机手身份证号和姓名匹配的人员本人开放,开放条件,0.0
cat__开放条件_有基础的数据安全保护能力；可在自身业务范围内进行科学研究、咨询报告、业务支撑等场景；注明数据来源，定期抽查数据使用情况;&&仅对境内企业开放。申请该数据，请提供申请人姓名、工作(学习)单位、联系电话，并且说明数据用途和使用场景。,开放条件,0.0
cat__开放条件_有基础的数据安全保护能力；可在自身业务范围内进行科学研究、咨询报告、业务支撑等场景；注明数据来源，定期抽查数据使用情况;&&仅用于港西镇域组织工作参考,开放条件,0.0
cat__开放条件_有基础的数据安全保护能力；可在自身业务范围内进行科学研究、咨询报告、业务支撑等场景；注明数据来源，定期抽查数据使用情况;&&仅供农作物秸秆机械化还田主体复核信息使用,开放条件,0.0
cat__开放条件_有基础的数据安全保护能力;不得用于挖掘个人敏感信息；注明数据来源，定期抽查数据使用情况;有较完善的数据安全保护体系；仅注明数据来源，定期抽查数据使用情况；可在自身业务范围内进行科学研究、咨询报告、业务支撑等场景，不得针对具体组织对外发布新闻等信息;有基础的数据安全保护能力；可在自身业务范围内进行科学研究、咨询报告、业务支撑等场景；注明数据来源，定期抽查数据使用情况;&&根据需求申请开放,开放条件,0.0
cat__开放条件_有基础的数据安全保护能力;不得用于挖掘个人敏感信息；注明数据来源，定期抽查数据使用情况;有较完善的数据安全保护体系；仅注明数据来源，定期抽查数据使用情况；可在自身业务范围内进行科学研究、咨询报告、业务支撑等场景，不得针对具体组织对外发布新闻等信息;有基础的数据安全保护能力；可在自身业务范围内进行科学研究、咨询报告、业务支撑等场景；注明数据来源，定期抽查数据使用情况;&&满足开放条件即可开放,开放条件,0.0
cat__开放条件_有基础的数据安全保护能力;不得用于挖掘个人敏感信息；注明数据来源，定期抽查数据使用情况;有较完善的数据安全保护体系；仅注明数据来源，定期抽查数据使用情况；可在自身业务范围内进行科学研究、咨询报告、业务支撑等场景，不得针对具体组织对外发布新闻等信息;有基础的数据安全保护能力；可在自身业务范围内进行科学研究、咨询报告、业务支撑等场景；注明数据来源，定期抽查数据使用情况;&&申请使用的业务范围应包括与信用业务相关的各项服务,开放条件,0.0
cat__开放条件_有基础的数据安全保护能力;不得用于挖掘个人敏感信息；注明数据来源，定期抽查数据使用情况;有较完善的数据安全保护体系；仅注明数据来源，定期抽查数据使用情况；可在自身业务范围内进行科学研究、咨询报告、业务支撑等场景，不得针对具体组织对外发布新闻等信息;有基础的数据安全保护能力；可在自身业务范围内进行科学研究、咨询报告、业务支撑等场景；注明数据来源，定期抽查数据使用情况;&&申请该数据，请提供申请人姓名、工作(学习)单位、联系电话，并且说明数据用途和使用场景。,开放条件,0.0
cat__开放条件_有基础的数据安全保护能力;不得用于挖掘个人敏感信息；注明数据来源，定期抽查数据使用情况;有较完善的数据安全保护体系；仅注明数据来源，定期抽查数据使用情况；可在自身业务范围内进行科学研究、咨询报告、业务支撑等场景，不得针对具体组织对外发布新闻等信息;有基础的数据安全保护能力；可在自身业务范围内进行科学研究、咨询报告、业务支撑等场景；注明数据来源，定期抽查数据使用情况;&&申请通过即可开放,开放条件,0.0
cat__开放条件_有基础的数据安全保护能力;不得用于挖掘个人敏感信息；注明数据来源，定期抽查数据使用情况;有较完善的数据安全保护体系；仅注明数据来源，定期抽查数据使用情况；可在自身业务范围内进行科学研究、咨询报告、业务支撑等场景，不得针对具体组织对外发布新闻等信息;有基础的数据安全保护能力；可在自身业务范围内进行科学研究、咨询报告、业务支撑等场景；注明数据来源，定期抽查数据使用情况;&&经与南东街道沟通同意后，可视情况进行数据开放,开放条件,0.0
cat__开放条件_有基础的数据安全保护能力;不得用于挖掘个人敏感信息；注明数据来源，定期抽查数据使用情况;有较完善的数据安全保护体系；仅注明数据来源，定期抽查数据使用情况；可在自身业务范围内进行科学研究、咨询报告、业务支撑等场景，不得针对具体组织对外发布新闻等信息;有基础的数据安全保护能力；可在自身业务范围内进行科学研究、咨询报告、业务支撑等场景；注明数据来源，定期抽查数据使用情况;&&请提供申请人姓名、工作（学习）单位、联系电话，并且说明数据用途和使用场景。,开放条件,0.0
cat__开放条件_有基础的数据安全保护能力;不得用于挖掘个人敏感信息；注明数据来源，定期抽查数据使用情况;有较完善的数据安全保护体系；仅注明数据来源，定期抽查数据使用情况；可在自身业务范围内进行科学研究、咨询报告、业务支撑等场景，不得针对具体组织对外发布新闻等信息;有基础的数据安全保护能力；可在自身业务范围内进行科学研究、咨询报告、业务支撑等场景；注明数据来源，定期抽查数据使用情况;&&需审核后开放,开放条件,0.0
cat__开放条件_有基础的数据安全保护能力;不得用于挖掘个人敏感信息；注明数据来源，定期抽查数据使用情况;有较完善的数据安全保护体系；仅注明数据来源，定期抽查数据使用情况；可在自身业务范围内进行科学研究、咨询报告、业务支撑等场景，不得针对具体组织对外发布新闻等信息;有基础的数据安全保护能力；可在自身业务范围内进行科学研究、咨询报告、业务支撑等场景；注明数据来源，定期抽查数据使用情况;&&需市生态环境局审批,开放条件,0.0
cat__开放条件_有基础的数据安全保护能力;不得用于挖掘个人敏感信息；注明数据来源，定期抽查数据使用情况;有较完善的数据安全保护体系；仅注明数据来源，定期抽查数据使用情况；可在自身业务范围内进行科学研究、咨询报告、业务支撑等场景，不得针对具体组织对外发布新闻等信息;有基础的数据安全保护能力；可在自身业务范围内进行科学研究、咨询报告、业务支撑等场景；注明数据来源，定期抽查数据使用情况;&&需生态环境局审批同意,开放条件,0.0
cat__开放条件_有基础的数据安全保护能力;不得用于挖掘个人敏感信息；注明数据来源，定期抽查数据使用情况;有较完善的数据安全保护体系；仅注明数据来源，定期抽查数据使用情况；可在自身业务范围内进行科学研究、咨询报告、业务支撑等场景，不得针对具体组织对外发布新闻等信息;有较完善的数据安全保护体系;仅可用于主管部门授权的场景;注明数据来源，实时日志反馈，定期提交利用报告；&&经与南东街道沟通同意后，可视情况进行数据开放,开放条件,0.0
cat__开放条件_有基础的数据安全保护能力;不得用于挖掘个人敏感信息；注明数据来源，定期抽查数据使用情况;有较完善的数据安全保护体系；仅注明数据来源，定期抽查数据使用情况；可在自身业务范围内进行科学研究、咨询报告、业务支撑等场景，不得针对具体组织对外发布新闻等信息;有基础的数据安全保护能力；可在自身业务范围内进行科学研究、咨询报告、业务支撑等场景；注明数据来源，定期抽查数据使用情况;&&面向社会开放，使用方需根据实际需要提出申请,开放条件,0.0
cat__开放条件_有基础的数据安全保护能力;不得用于挖掘个人敏感信息；注明数据来源，定期抽查数据使用情况;有较完善的数据安全保护体系；仅注明数据来源，定期抽查数据使用情况；可在自身业务范围内进行科学研究、咨询报告、业务支撑等场景，不得针对具体组织对外发布新闻等信息;有基础的数据安全保护能力；可在自身业务范围内进行科学研究、咨询报告、业务支撑等场景；注明数据来源，定期抽查数据使用情况;申请上海市公安局有条件开放数据需填写《上海市公安局数据开放申请信息表》，并按要求如实填写提交。申请信息表下载链接如下：https://data.sh.gov.cn/assets/data/上海市公安局数据开放申请信息表.pdf;&&,开放条件,0.0
cat__开放条件_有基础的数据安全保护能力;不得用于挖掘个人敏感信息；注明数据来源，定期抽查数据使用情况;有较完善的数据安全保护体系；仅注明数据来源，定期抽查数据使用情况；可在自身业务范围内进行科学研究、咨询报告、业务支撑等场景，不得针对具体组织对外发布新闻等信息;有较完善的数据安全保护体系;仅可用于主管部门授权的场景;注明数据来源，实时日志反馈，定期提交利用报告；,开放条件,0.0
"cat__开放条件_有基础的数据安全保护能力;不得用于挖掘个人敏感信息；注明数据来源，定期抽查数据使用情况;有较完善的数据安全保护体系；仅注明数据来源，定期抽查数据使用情况；可在自身业务范围内进行科学研究、咨询报告、业务支撑等场景，不得针对具体组织对外发布新闻等信息;有较完善的数据安全保护体系;仅可用于主管部门授权的场景;注明数据来源，实时日志反馈，定期提交利用报告；&&
仅委办局间使用",开放条件,0.0
cat__开放条件_有基础的数据安全保护能力;不得用于挖掘个人敏感信息；注明数据来源，定期抽查数据使用情况;有较完善的数据安全保护体系；仅注明数据来源，定期抽查数据使用情况；可在自身业务范围内进行科学研究、咨询报告、业务支撑等场景，不得针对具体组织对外发布新闻等信息;有较完善的数据安全保护体系;仅可用于主管部门授权的场景;注明数据来源，实时日志反馈，定期提交利用报告；&&仅委办局间使用,开放条件,0.0
"cat__开放条件_有基础的数据安全保护能力;不得用于挖掘个人敏感信息；注明数据来源，定期抽查数据使用情况;有较完善的数据安全保护体系；仅注明数据来源，定期抽查数据使用情况；可在自身业务范围内进行科学研究、咨询报告、业务支撑等场景，不得针对具体组织对外发布新闻等信息;有较完善的数据安全保护体系;仅可用于主管部门授权的场景;注明数据来源，实时日志反馈，定期提交利用报告；&&仅委办局间使用
",开放条件,0.0
cat__开放条件_有基础的数据安全保护能力;不得用于挖掘个人敏感信息；注明数据来源，定期抽查数据使用情况;有较完善的数据安全保护体系；仅注明数据来源，定期抽查数据使用情况；可在自身业务范围内进行科学研究、咨询报告、业务支撑等场景，不得针对具体组织对外发布新闻等信息;有较完善的数据安全保护体系;仅可用于主管部门授权的场景;注明数据来源，实时日志反馈，定期提交利用报告；&&依申请开放,开放条件,0.0
cat__开放条件_有基础的数据安全保护能力;不得用于挖掘个人敏感信息；注明数据来源，定期抽查数据使用情况;有较完善的数据安全保护体系；仅注明数据来源，定期抽查数据使用情况；可在自身业务范围内进行科学研究、咨询报告、业务支撑等场景，不得针对具体组织对外发布新闻等信息;有较完善的数据安全保护体系;仅可用于主管部门授权的场景;注明数据来源，实时日志反馈，定期提交利用报告；&&对涉及政府精细化管理、数字化转型相关事项开放,开放条件,0.0
cat__开放条件_有基础的数据安全保护能力;不得用于挖掘个人敏感信息；注明数据来源，定期抽查数据使用情况;有较完善的数据安全保护体系；仅注明数据来源，定期抽查数据使用情况；可在自身业务范围内进行科学研究、咨询报告、业务支撑等场景，不得针对具体组织对外发布新闻等信息;有较完善的数据安全保护体系;仅可用于主管部门授权的场景;注明数据来源，实时日志反馈，定期提交利用报告；&&征信平台可开发，其他单位须来函说明数据用途。,开放条件,0.0
cat__开放条件_有基础的数据安全保护能力;不得用于挖掘个人敏感信息；注明数据来源，定期抽查数据使用情况;有较完善的数据安全保护体系；仅注明数据来源，定期抽查数据使用情况；可在自身业务范围内进行科学研究、咨询报告、业务支撑等场景，不得针对具体组织对外发布新闻等信息;有较完善的数据安全保护体系;仅可用于主管部门授权的场景;注明数据来源，实时日志反馈，定期提交利用报告；&&数据提供单位审批,开放条件,0.0
cat__开放条件_有基础的数据安全保护能力;不得用于挖掘个人敏感信息；注明数据来源，定期抽查数据使用情况;有较完善的数据安全保护体系；仅注明数据来源，定期抽查数据使用情况；可在自身业务范围内进行科学研究、咨询报告、业务支撑等场景，不得针对具体组织对外发布新闻等信息;有较完善的数据安全保护体系;仅可用于主管部门授权的场景;注明数据来源，实时日志反馈，定期提交利用报告；&&有条件开放,开放条件,0.0
cat__开放条件_有基础的数据安全保护能力;不得用于挖掘个人敏感信息；注明数据来源，定期抽查数据使用情况;有较完善的数据安全保护体系；仅注明数据来源，定期抽查数据使用情况；可在自身业务范围内进行科学研究、咨询报告、业务支撑等场景，不得针对具体组织对外发布新闻等信息;有基础的数据安全保护能力；可在自身业务范围内进行科学研究、咨询报告、业务支撑等场景；注明数据来源，定期抽查数据使用情况;&&需要市生态环境局审批,开放条件,0.0
cat__开放条件_有基础的数据安全保护能力；可在自身业务范围内进行科学研究、咨询报告、业务支撑等场景；注明数据来源，定期抽查数据使用情况;&&用于医疗保障和卫生健康部门医疗、医保、医药行业管理,开放条件,0.0
cat__开放条件_有基础的数据安全保护能力；可在自身业务范围内进行科学研究、咨询报告、业务支撑等场景；注明数据来源，定期抽查数据使用情况;&&用户提出申请,开放条件,0.0
cat__开放条件_有基础的数据安全保护能力；可在自身业务范围内进行科学研究、咨询报告、业务支撑等场景；注明数据来源，定期抽查数据使用情况;&&申请使用的业务范围应包括与信用业务相关的各项服务,开放条件,0.0
"cat__开放条件_有基础的数据安全保护能力；可在自身业务范围内进行科学研究、咨询报告、业务支撑等场景；注明数据来源，定期抽查数据使用情况;&&申请使用的业务范围应包括与信用业务相关的各项服务
",开放条件,0.0
cat__开放条件_有基础的数据安全保护能力；可在自身业务范围内进行科学研究、咨询报告、业务支撑等场景；注明数据来源，定期抽查数据使用情况;&&申请协商,开放条件,0.0
cat__开放条件_有基础的数据安全保护能力；可在自身业务范围内进行科学研究、咨询报告、业务支撑等场景；注明数据来源，定期抽查数据使用情况;&&申请该数据，需要完整描述需求场景和用途  ,开放条件,0.0
cat__开放条件_有基础的数据安全保护能力；可在自身业务范围内进行科学研究、咨询报告、业务支撑等场景；注明数据来源，定期抽查数据使用情况;&&目前数据仅限杨浦区建管委以及城运使用，其他部门若有数据需求需向建管委申请,开放条件,0.0
cat__开放条件_有基础的数据安全保护能力；可在自身业务范围内进行科学研究、咨询报告、业务支撑等场景；注明数据来源，定期抽查数据使用情况;&&经与南东街道沟通同意后，可视情况进行数据开放,开放条件,0.0
cat__开放条件_有基础的数据安全保护能力；可在自身业务范围内进行科学研究、咨询报告、业务支撑等场景；注明数据来源，定期抽查数据使用情况;&&经业务部门审核同意，且具备基础数据安全保护能力的前提下，可在自身业务范围内，将数据用于科学研究、咨询报告编制、业务运营支撑等场景。使用过程中需规范注明数据来源，并接受定期的数据使用情况核查。,开放条件,0.0
cat__开放条件_有基础的数据安全保护能力；可在自身业务范围内进行科学研究、咨询报告、业务支撑等场景；注明数据来源，定期抽查数据使用情况;&&经市信息中心同意,开放条件,0.0
cat__开放条件_有基础的数据安全保护能力；可在自身业务范围内进行科学研究、咨询报告、业务支撑等场景；注明数据来源，定期抽查数据使用情况;&&仅限嘉定区纪委监委,开放条件,0.0
cat__开放条件_有基础的数据安全保护能力；可在自身业务范围内进行科学研究、咨询报告、业务支撑等场景；注明数据来源，定期抽查数据使用情况;&&经社会企业、个人依申请开放,开放条件,0.0
cat__开放条件_有基础的数据安全保护能力；可在自身业务范围内进行科学研究、咨询报告、业务支撑等场景；注明数据来源，定期抽查数据使用情况;&&经线业务部门审核确认的应用场景,开放条件,0.0
cat__开放条件_有基础的数据安全保护能力；可在自身业务范围内进行科学研究、咨询报告、业务支撑等场景；注明数据来源，定期抽查数据使用情况;&&请提供申请人姓名、工作（学习）单位、联系电话，并且说明数据用途和使用场景。,开放条件,0.0
cat__开放条件_有基础的数据安全保护能力；可在自身业务范围内进行科学研究、咨询报告、业务支撑等场景；注明数据来源，定期抽查数据使用情况;&&通过上级部门要求申请开放,开放条件,0.0
cat__开放条件_有基础的数据安全保护能力；可在自身业务范围内进行科学研究、咨询报告、业务支撑等场景；注明数据来源，定期抽查数据使用情况;&&部门审核,开放条件,0.0
cat__开放条件_有基础的数据安全保护能力；可在自身业务范围内进行科学研究、咨询报告、业务支撑等场景；注明数据来源，定期抽查数据使用情况;&&限委办局业务使用,开放条件,0.0
cat__开放条件_有基础的数据安全保护能力；可在自身业务范围内进行科学研究、咨询报告、业务支撑等场景；注明数据来源，定期抽查数据使用情况;&&限气象、地球环境领域科研机构和学校。,开放条件,0.0
cat__开放条件_有基础的数据安全保护能力；可在自身业务范围内进行科学研究、咨询报告、业务支撑等场景；注明数据来源，定期抽查数据使用情况;&&需主管单位审批,开放条件,0.0
cat__开放条件_有基础的数据安全保护能力；可在自身业务范围内进行科学研究、咨询报告、业务支撑等场景；注明数据来源，定期抽查数据使用情况;&&需向凉城街道申请,开放条件,0.0
cat__开放条件_有基础的数据安全保护能力；可在自身业务范围内进行科学研究、咨询报告、业务支撑等场景；注明数据来源，定期抽查数据使用情况;&&需向部门申请,开放条件,0.0
cat__开放条件_有基础的数据安全保护能力；可在自身业务范围内进行科学研究、咨询报告、业务支撑等场景；注明数据来源，定期抽查数据使用情况;&&需提供基本情况说明、数据用途、使用期限及获取方式等信息，具备数据安全管理能力，经过申请流程批准后可开放。,开放条件,0.0
cat__开放条件_有基础的数据安全保护能力；可在自身业务范围内进行科学研究、咨询报告、业务支撑等场景；注明数据来源，定期抽查数据使用情况;&&经生态环境局同意后可开放,开放条件,0.0
cat__开放条件_有基础的数据安全保护能力；可在自身业务范围内进行科学研究、咨询报告、业务支撑等场景；注明数据来源，定期抽查数据使用情况;&&以单条接口调用形式开放,开放条件,0.0
cat__开放条件_有基础的数据安全保护能力；可在自身业务范围内进行科学研究、咨询报告、业务支撑等场景；注明数据来源，定期抽查数据使用情况;&&依主管部门审核后开放,开放条件,0.0
cat__开放条件_有基础的数据安全保护能力；可在自身业务范围内进行科学研究、咨询报告、业务支撑等场景；注明数据来源，定期抽查数据使用情况;&&依据中国气象局《气象数据共享服务与安全管理办法（试行）》和《非涉密气象数据资源分类分级指南》，须对数据用户进行区分和归类。经数据安全审查并签署数据共享协议后，方可提供相关数据。需联系相关部门审核，联系电话：54896039,开放条件,0.0
cat__开放条件_有基础的数据安全保护能力；可在自身业务范围内进行科学研究、咨询报告、业务支撑等场景；注明数据来源，定期抽查数据使用情况;&&依申请,开放条件,0.0
cat__开放条件_有基础的数据安全保护能力；可在自身业务范围内进行科学研究、咨询报告、业务支撑等场景；注明数据来源，定期抽查数据使用情况;&&依申请公开,开放条件,0.0
cat__开放条件_有基础的数据安全保护能力；可在自身业务范围内进行科学研究、咨询报告、业务支撑等场景；注明数据来源，定期抽查数据使用情况;&&依申请可开放,开放条件,0.0
cat__开放条件_有基础的数据安全保护能力；可在自身业务范围内进行科学研究、咨询报告、业务支撑等场景；注明数据来源，定期抽查数据使用情况;&&依申请同意开放,开放条件,0.0
cat__开放条件_有基础的数据安全保护能力；可在自身业务范围内进行科学研究、咨询报告、业务支撑等场景；注明数据来源，定期抽查数据使用情况;&&依行业主管部门要求开放,开放条件,0.0
cat__开放条件_有基础的数据安全保护能力；可在自身业务范围内进行科学研究、咨询报告、业务支撑等场景；注明数据来源，定期抽查数据使用情况;&&可供应急管理领域科研院所开展科技项目、课题研究使用,开放条件,0.0
cat__开放条件_有基础的数据安全保护能力；可在自身业务范围内进行科学研究、咨询报告、业务支撑等场景；注明数据来源，定期抽查数据使用情况;&&向业务部门申请,开放条件,0.0
cat__开放条件_有基础的数据安全保护能力；可在自身业务范围内进行科学研究、咨询报告、业务支撑等场景；注明数据来源，定期抽查数据使用情况;&&根据需要提出开放需求，主管部门审核通过,开放条件,0.0
cat__开放条件_有基础的数据安全保护能力；可在自身业务范围内进行科学研究、咨询报告、业务支撑等场景；注明数据来源，定期抽查数据使用情况;&&如有和文旅相关申请可开放,开放条件,0.0
cat__开放条件_有基础的数据安全保护能力；可在自身业务范围内进行科学研究、咨询报告、业务支撑等场景；注明数据来源，定期抽查数据使用情况;&&如有文旅相关申请可开放,开放条件,0.0
cat__开放条件_有基础的数据安全保护能力；可在自身业务范围内进行科学研究、咨询报告、业务支撑等场景；注明数据来源，定期抽查数据使用情况;&&审核开放,开放条件,0.0
cat__开放条件_有基础的数据安全保护能力；可在自身业务范围内进行科学研究、咨询报告、业务支撑等场景；注明数据来源，定期抽查数据使用情况;&&征得数据使用者及管理单位同意,开放条件,0.0
cat__开放条件_有基础的数据安全保护能力；可在自身业务范围内进行科学研究、咨询报告、业务支撑等场景；注明数据来源，定期抽查数据使用情况;&&征得数据所有者及管理单位同意,开放条件,0.0
cat__开放条件_有基础的数据安全保护能力；可在自身业务范围内进行科学研究、咨询报告、业务支撑等场景；注明数据来源，定期抽查数据使用情况;&&按照业务实际需求情况，有条件开发,开放条件,0.0
cat__开放条件_有基础的数据安全保护能力；可在自身业务范围内进行科学研究、咨询报告、业务支撑等场景；注明数据来源，定期抽查数据使用情况;&&提出申请,开放条件,0.0
cat__开放条件_有基础的数据安全保护能力；可在自身业务范围内进行科学研究、咨询报告、业务支撑等场景；注明数据来源，定期抽查数据使用情况;&&有基础的数据安全保护能力;可在自身业务范围内进行科学研究、咨询报告、业务支撑等场景;注明数据来源，定期抽查数据使用情况;,开放条件,0.0
cat__开放条件_有基础的数据安全保护能力；可在自身业务范围内进行科学研究、咨询报告、业务支撑等场景；注明数据来源，定期抽查数据使用情况;&&有较完善的数据安全保护体系；仅注明数据来源，定期抽查数据使用情况；可在自身业务范围内进行科学研究、咨询报告、业务支撑等场景，不得针对具体组织对外发布新闻等信息;仅可用于主管部门授权的场景;注明数据来源，实时日志反馈，定期提交利用报告；,开放条件,0.0
cat__开放条件_有基础的数据安全保护能力；可在自身业务范围内进行科学研究、咨询报告、业务支撑等场景；注明数据来源，定期抽查数据使用情况;&&根据业务使用场景，需文旅局审核。,开放条件,0.0
cat__开放条件_有基础的数据安全保护能力；可在自身业务范围内进行科学研究、咨询报告、业务支撑等场景；注明数据来源，定期抽查数据使用情况;&&根据需求申请开放,开放条件,0.0
cat__开放条件_有基础的数据安全保护能力；可在自身业务范围内进行科学研究、咨询报告、业务支撑等场景；注明数据来源，定期抽查数据使用情况;&&向业务部门申请得到同意,开放条件,0.0
